relation,display_relation,x_index,x_id,x_type,x_name,x_source,y_index,y_id,y_type,y_name,y_source
protein_protein,ppi,0,9796,gene/protein,PHYHIP,NCBI,8889,56992,gene/protein,KIF15,NCBI
protein_protein,ppi,1,7918,gene/protein,GPANK1,NCBI,2798,9240,gene/protein,PNMA1,NCBI
protein_protein,ppi,2,8233,gene/protein,ZRSR2,NCBI,5646,23548,gene/protein,TTC33,NCBI
protein_protein,ppi,3,4899,gene/protein,NRF1,NCBI,11592,11253,gene/protein,MAN1B1,NCBI
protein_protein,ppi,4,5297,gene/protein,PI4KA,NCBI,2122,8601,gene/protein,RGS20,NCBI
protein_protein,ppi,5,6564,gene/protein,SLC15A1,NCBI,2352,8933,gene/protein,RTL8C,NCBI
protein_protein,ppi,6,8668,gene/protein,EIF3I,NCBI,5164,22976,gene/protein,PAXIP1,NCBI
protein_protein,ppi,7,10826,gene/protein,FAXDC2,NCBI,3934,345274,gene/protein,SLC10A6,NCBI
protein_protein,ppi,8,4489,gene/protein,MT1A,NCBI,1785,7157,gene/protein,TP53,NCBI
protein_protein,ppi,9,6272,gene/protein,SORT1,NCBI,13895,54873,gene/protein,PALMD,NCBI
protein_protein,ppi,10,4041,gene/protein,LRP5,NCBI,4579,50943,gene/protein,FOXP3,NCBI
protein_protein,ppi,11,6202,gene/protein,RPS8,NCBI,3124,9733,gene/protein,SART3,NCBI
protein_protein,ppi,12,924,gene/protein,CD7,NCBI,7681,94097,gene/protein,SFXN5,NCBI
protein_protein,ppi,13,65005,gene/protein,MRPL9,NCBI,9982,80775,gene/protein,TMEM177,NCBI
protein_protein,ppi,14,5704,gene/protein,PSMC4,NCBI,9477,80755,gene/protein,AARSD1,NCBI
protein_protein,ppi,15,1958,gene/protein,EGR1,NCBI,60311,54965,gene/protein,PIGX,NCBI
protein_protein,ppi,16,6633,gene/protein,SNRPD2,NCBI,3235,9128,gene/protein,PRPF4,NCBI
protein_protein,ppi,17,85289,gene/protein,KRTAP4-5,NCBI,3463,386675,gene/protein,KRTAP10-7,NCBI
protein_protein,ppi,18,6872,gene/protein,TAF1,NCBI,60860,85028,gene/protein,SNHG12,NCBI
protein_protein,ppi,19,10451,gene/protein,VAV3,NCBI,3005,54764,gene/protein,ZRANB1,NCBI
protein_protein,ppi,20,3846,gene/protein,KRTAP5-9,NCBI,2512,386682,gene/protein,KRTAP10-3,NCBI
protein_protein,ppi,21,3163,gene/protein,HMOX2,NCBI,9739,91289,gene/protein,LMF2,NCBI
protein_protein,ppi,22,2353,gene/protein,FOS,NCBI,6453,23411,gene/protein,SIRT1,NCBI
protein_protein,ppi,23,5611,gene/protein,DNAJC3,NCBI,189,7316,gene/protein,UBC,NCBI
protein_protein,ppi,24,3965,gene/protein,LGALS9,NCBI,3551,10130,gene/protein,PDIA6,NCBI
protein_protein,ppi,25,4609,gene/protein,MYC,NCBI,3504,10084,gene/protein,PQBP1,NCBI
protein_protein,ppi,26,9064,gene/protein,MAP3K6,NCBI,4579,50943,gene/protein,FOXP3,NCBI
protein_protein,ppi,27,54474,gene/protein,KRT20,NCBI,899,115265,gene/protein,DDIT4L,NCBI
protein_protein,ppi,28,114791,gene/protein,TUBGCP5,NCBI,57595,653784,gene/protein,MZT2A,NCBI
protein_protein,ppi,29,2147,gene/protein,F2,NCBI,844,6696,gene/protein,SPP1,NCBI
protein_protein,ppi,16,6633,gene/protein,SNRPD2,NCBI,216,23385,gene/protein,NCSTN,NCBI
protein_protein,ppi,30,1759,gene/protein,DNM1,NCBI,8377,23523,gene/protein,CABIN1,NCBI
protein_protein,ppi,31,10726,gene/protein,NUDC,NCBI,10422,55764,gene/protein,IFT122,NCBI
protein_protein,ppi,32,963,gene/protein,CD53,NCBI,1360,57228,gene/protein,SMAGP,NCBI
protein_protein,ppi,33,2932,gene/protein,GSK3B,NCBI,4817,4853,gene/protein,NOTCH2,NCBI
protein_protein,ppi,34,55739,gene/protein,NAXD,NCBI,4919,386676,gene/protein,KRTAP10-9,NCBI
protein_protein,ppi,35,57709,gene/protein,SLC7A14,NCBI,1824,93380,gene/protein,MMGT1,NCBI
protein_protein,ppi,36,5817,gene/protein,PVR,NCBI,9409,84102,gene/protein,SLC41A2,NCBI
protein_protein,ppi,37,1186,gene/protein,CLCN7,NCBI,1059,54682,gene/protein,MANSC1,NCBI
protein_protein,ppi,38,891,gene/protein,CCNB1,NCBI,5918,9133,gene/protein,CCNB2,NCBI
protein_protein,ppi,33,2932,gene/protein,GSK3B,NCBI,8918,11033,gene/protein,ADAP1,NCBI
protein_protein,ppi,39,22809,gene/protein,ATF5,NCBI,61287,100130958,gene/protein,SYCE1L,NCBI
protein_protein,ppi,40,1017,gene/protein,CDK2,NCBI,1546,3276,gene/protein,PRMT1,NCBI
protein_protein,ppi,41,4728,gene/protein,NDUFS8,NCBI,6930,25915,gene/protein,NDUFAF3,NCBI
protein_protein,ppi,42,5307,gene/protein,PITX1,NCBI,6909,337974,gene/protein,KRTAP19-7,NCBI
protein_protein,ppi,43,5295,gene/protein,PIK3R1,NCBI,2250,6850,gene/protein,SYK,NCBI
protein_protein,ppi,44,6732,gene/protein,SRPK1,NCBI,1437,7325,gene/protein,UBE2E2,NCBI
protein_protein,ppi,45,3238,gene/protein,HOXD12,NCBI,9282,9935,gene/protein,MAFB,NCBI
protein_protein,ppi,46,28969,gene/protein,BZW2,NCBI,6111,55248,gene/protein,PACC1,NCBI
protein_protein,ppi,47,10454,gene/protein,TAB1,NCBI,4382,11151,gene/protein,CORO1A,NCBI
protein_protein,ppi,48,344387,gene/protein,CDKL4,NCBI,60015,653269,gene/protein,POTEI,NCBI
protein_protein,ppi,49,84988,gene/protein,PPP1R16A,NCBI,5483,91419,gene/protein,ATP23,NCBI
protein_protein,ppi,50,2114,gene/protein,ETS2,NCBI,12189,203286,gene/protein,ANKS6,NCBI
protein_protein,ppi,9,6272,gene/protein,SORT1,NCBI,4578,23386,gene/protein,NUDCD3,NCBI
protein_protein,ppi,51,6667,gene/protein,SP1,NCBI,6066,23636,gene/protein,NUP62,NCBI
protein_protein,ppi,52,28511,gene/protein,NKIRAS2,NCBI,59819,406881,gene/protein,MIRLET7A1,NCBI
protein_protein,ppi,53,3433,gene/protein,IFIT2,NCBI,184,6773,gene/protein,STAT2,NCBI
protein_protein,ppi,54,6790,gene/protein,AURKA,NCBI,11499,55352,gene/protein,COPRS,NCBI
protein_protein,ppi,55,6434,gene/protein,TRA2B,NCBI,226,7307,gene/protein,U2AF1,NCBI
protein_protein,ppi,56,10524,gene/protein,KAT5,NCBI,57584,653121,gene/protein,ZBTB8A,NCBI
protein_protein,ppi,57,30012,gene/protein,TLX3,NCBI,899,115265,gene/protein,DDIT4L,NCBI
protein_protein,ppi,58,22803,gene/protein,XRN2,NCBI,346,55677,gene/protein,IWS1,NCBI
protein_protein,ppi,59,6125,gene/protein,RPL5,NCBI,1431,23029,gene/protein,RBM34,NCBI
protein_protein,ppi,60,8773,gene/protein,SNAP23,NCBI,77229,375260,gene/protein,WASH2P,NCBI
protein_protein,ppi,61,801,gene/protein,CALM1,NCBI,2621,3845,gene/protein,KRAS,NCBI
protein_protein,ppi,62,3628,gene/protein,INPP1,NCBI,11174,55759,gene/protein,WDR12,NCBI
protein_protein,ppi,63,5536,gene/protein,PPP5C,NCBI,57589,653404,gene/protein,FOXD4L6,NCBI
protein_protein,ppi,64,9129,gene/protein,PRPF3,NCBI,1065,11198,gene/protein,SUPT16H,NCBI
protein_protein,ppi,65,10291,gene/protein,SF3A1,NCBI,5476,29093,gene/protein,MRPL22,NCBI
protein_protein,ppi,66,7536,gene/protein,SF1,NCBI,2860,8241,gene/protein,RBM10,NCBI
protein_protein,ppi,67,4233,gene/protein,MET,NCBI,10625,84517,gene/protein,ACTRT3,NCBI
protein_protein,ppi,68,1869,gene/protein,E2F1,NCBI,2010,3428,gene/protein,IFI16,NCBI
protein_protein,ppi,69,5810,gene/protein,RAD1,NCBI,6854,81631,gene/protein,MAP1LC3B,NCBI
protein_protein,ppi,70,3866,gene/protein,KRT15,NCBI,340,84707,gene/protein,BEX2,NCBI
protein_protein,ppi,71,10664,gene/protein,CTCF,NCBI,57244,255919,gene/protein,CNEP1R1,NCBI
protein_protein,ppi,72,5875,gene/protein,RABGGTA,NCBI,2688,10963,gene/protein,STIP1,NCBI
protein_protein,ppi,73,8533,gene/protein,COPS3,NCBI,6500,144699,gene/protein,FBXL14,NCBI
protein_protein,ppi,74,151,gene/protein,ADRA2B,NCBI,4154,57007,gene/protein,ACKR3,NCBI
protein_protein,ppi,75,4637,gene/protein,MYL6,NCBI,1759,55607,gene/protein,PPP1R9A,NCBI
protein_protein,ppi,76,4682,gene/protein,NUBP1,NCBI,1314,5885,gene/protein,RAD21,NCBI
protein_protein,ppi,77,339834,gene/protein,IHO1,NCBI,13254,552900,gene/protein,BOLA2,NCBI
protein_protein,ppi,78,7428,gene/protein,VHL,NCBI,13619,83729,gene/protein,INHBE,NCBI
protein_protein,ppi,79,27069,gene/protein,GHITM,NCBI,7023,79811,gene/protein,SLTM,NCBI
protein_protein,ppi,80,675,gene/protein,BRCA2,NCBI,5869,5889,gene/protein,RAD51C,NCBI
protein_protein,ppi,81,166,gene/protein,TLE5,NCBI,2339,1894,gene/protein,ECT2,NCBI
protein_protein,ppi,82,1122,gene/protein,CHML,NCBI,2218,5870,gene/protein,RAB6A,NCBI
protein_protein,ppi,83,1175,gene/protein,AP2S1,NCBI,3636,55589,gene/protein,BMP2K,NCBI
protein_protein,ppi,84,4809,gene/protein,SNU13,NCBI,542,6432,gene/protein,SRSF7,NCBI
protein_protein,ppi,85,1650,gene/protein,DDOST,NCBI,1119,3608,gene/protein,ILF2,NCBI
protein_protein,ppi,86,6502,gene/protein,SKP2,NCBI,51,6667,gene/protein,SP1,NCBI
protein_protein,ppi,87,3181,gene/protein,HNRNPA2B1,NCBI,140,6613,gene/protein,SUMO2,NCBI
protein_protein,ppi,88,26121,gene/protein,PRPF31,NCBI,10960,159163,gene/protein,RBMY1F,NCBI
protein_protein,ppi,89,135932,gene/protein,TMEM139,NCBI,10279,144404,gene/protein,TMEM120B,NCBI
protein_protein,ppi,90,682,gene/protein,BSG,NCBI,6488,9238,gene/protein,TBRG4,NCBI
protein_protein,ppi,91,754,gene/protein,PTTG1IP,NCBI,309,5079,gene/protein,PAX5,NCBI
protein_protein,ppi,92,1203,gene/protein,CLN5,NCBI,6190,203562,gene/protein,TMEM31,NCBI
protein_protein,ppi,93,1847,gene/protein,DUSP5,NCBI,285,1994,gene/protein,ELAVL1,NCBI
protein_protein,ppi,94,9921,gene/protein,RNF10,NCBI,7757,79003,gene/protein,MIS12,NCBI
protein_protein,ppi,95,4726,gene/protein,NDUFS6,NCBI,8204,23530,gene/protein,NNT,NCBI
protein_protein,ppi,51,6667,gene/protein,SP1,NCBI,2761,6874,gene/protein,TAF4,NCBI
protein_protein,ppi,96,65220,gene/protein,NADK,NCBI,6924,79843,gene/protein,FAM124B,NCBI
protein_protein,ppi,97,10159,gene/protein,ATP6AP2,NCBI,3432,10970,gene/protein,CKAP4,NCBI
protein_protein,ppi,98,5476,gene/protein,CTSA,NCBI,1544,8000,gene/protein,PSCA,NCBI
protein_protein,ppi,99,2770,gene/protein,GNAI1,NCBI,6337,58157,gene/protein,NGB,NCBI
protein_protein,ppi,100,10484,gene/protein,SEC23A,NCBI,6941,10782,gene/protein,ZNF274,NCBI
protein_protein,ppi,101,10455,gene/protein,ECI2,NCBI,1562,84461,gene/protein,NEURL4,NCBI
protein_protein,ppi,102,7182,gene/protein,NR2C2,NCBI,6133,8021,gene/protein,NUP214,NCBI
protein_protein,ppi,103,80854,gene/protein,SETD7,NCBI,12438,121504,gene/protein,H4-16,NCBI
protein_protein,ppi,104,10946,gene/protein,SF3A3,NCBI,1813,22938,gene/protein,SNW1,NCBI
protein_protein,ppi,105,7580,gene/protein,ZNF32,NCBI,3463,386675,gene/protein,KRTAP10-7,NCBI
protein_protein,ppi,106,3169,gene/protein,FOXA1,NCBI,8418,26173,gene/protein,INTS1,NCBI
protein_protein,ppi,107,7341,gene/protein,SUMO1,NCBI,11619,84464,gene/protein,SLX4,NCBI
protein_protein,ppi,108,1111,gene/protein,CHEK1,NCBI,6505,11177,gene/protein,BAZ1A,NCBI
protein_protein,ppi,109,7014,gene/protein,TERF2,NCBI,11268,84717,gene/protein,HDGFL2,NCBI
protein_protein,ppi,110,6839,gene/protein,SUV39H1,NCBI,9541,202051,gene/protein,SPATA24,NCBI
protein_protein,ppi,111,7276,gene/protein,TTR,NCBI,11064,64794,gene/protein,DDX31,NCBI
protein_protein,ppi,112,339229,gene/protein,OXLD1,NCBI,57779,390916,gene/protein,NUDT19,NCBI
protein_protein,ppi,113,11325,gene/protein,DDX42,NCBI,11902,51070,gene/protein,NOSIP,NCBI
protein_protein,ppi,114,9135,gene/protein,RABEP1,NCBI,7086,220929,gene/protein,ZNF438,NCBI
protein_protein,ppi,115,84277,gene/protein,DNAJC30,NCBI,6389,147872,gene/protein,KASH5,NCBI
protein_protein,ppi,116,841,gene/protein,CASP8,NCBI,3547,51283,gene/protein,BFAR,NCBI
protein_protein,ppi,117,23137,gene/protein,SMC5,NCBI,2431,56160,gene/protein,NSMCE3,NCBI
protein_protein,ppi,118,358,gene/protein,AQP1,NCBI,11815,157556,gene/protein,BAALC-AS2,NCBI
protein_protein,ppi,119,2113,gene/protein,ETS1,NCBI,639,5791,gene/protein,PTPRE,NCBI
protein_protein,ppi,120,7013,gene/protein,TERF1,NCBI,5129,7015,gene/protein,TERT,NCBI
protein_protein,ppi,121,23404,gene/protein,EXOSC2,NCBI,12908,339324,gene/protein,ZNF260,NCBI
protein_protein,ppi,122,8646,gene/protein,CHRD,NCBI,8447,353332,gene/protein,KRTAP12-1,NCBI
protein_protein,ppi,123,6789,gene/protein,STK4,NCBI,816,10980,gene/protein,COPS6,NCBI
protein_protein,ppi,124,51614,gene/protein,ERGIC3,NCBI,6243,340481,gene/protein,ZDHHC21,NCBI
protein_protein,ppi,125,1956,gene/protein,EGFR,NCBI,1170,6714,gene/protein,SRC,NCBI
protein_protein,ppi,126,3024,gene/protein,H1-1,NCBI,1362,5580,gene/protein,PRKCD,NCBI
protein_protein,ppi,127,3662,gene/protein,IRF4,NCBI,8287,84058,gene/protein,WDR54,NCBI
protein_protein,ppi,128,120939,gene/protein,TMEM52B,NCBI,12202,149111,gene/protein,CNIH3,NCBI
protein_protein,ppi,129,8335,gene/protein,H2AC4,NCBI,1451,8607,gene/protein,RUVBL1,NCBI
protein_protein,ppi,40,1017,gene/protein,CDK2,NCBI,139,5111,gene/protein,PCNA,NCBI
protein_protein,ppi,130,2623,gene/protein,GATA1,NCBI,3027,7525,gene/protein,YES1,NCBI
protein_protein,ppi,131,1053,gene/protein,CEBPE,NCBI,10290,3574,gene/protein,IL7,NCBI
protein_protein,ppi,132,353132,gene/protein,LCE1B,NCBI,1288,388677,gene/protein,NOTCH2NLA,NCBI
protein_protein,ppi,133,1460,gene/protein,CSNK2B,NCBI,56845,85457,gene/protein,CIPC,NCBI
protein_protein,ppi,134,23013,gene/protein,SPEN,NCBI,8715,54039,gene/protein,PCBP3,NCBI
protein_protein,ppi,130,2623,gene/protein,GATA1,NCBI,5353,9712,gene/protein,USP6NL,NCBI
protein_protein,ppi,135,5499,gene/protein,PPP1CA,NCBI,9656,55718,gene/protein,POLR3E,NCBI
protein_protein,ppi,136,7375,gene/protein,USP4,NCBI,3366,27339,gene/protein,PRPF19,NCBI
protein_protein,ppi,137,7107,gene/protein,GPR137B,NCBI,9856,79699,gene/protein,ZYG11B,NCBI
protein_protein,ppi,138,3303,gene/protein,HSPA1A,NCBI,3296,5830,gene/protein,PEX5,NCBI
protein_protein,ppi,139,5111,gene/protein,PCNA,NCBI,1871,5501,gene/protein,PPP1CC,NCBI
protein_protein,ppi,140,6613,gene/protein,SUMO2,NCBI,11906,10055,gene/protein,SAE1,NCBI
protein_protein,ppi,141,10025,gene/protein,MED16,NCBI,10547,81857,gene/protein,MED25,NCBI
protein_protein,ppi,142,54915,gene/protein,YTHDF1,NCBI,57649,100130613,gene/protein,PRR32,NCBI
protein_protein,ppi,143,5573,gene/protein,PRKAR1A,NCBI,2193,6195,gene/protein,RPS6KA1,NCBI
protein_protein,ppi,144,4088,gene/protein,SMAD3,NCBI,1026,5515,gene/protein,PPP2CA,NCBI
protein_protein,ppi,145,5359,gene/protein,PLSCR1,NCBI,3517,353141,gene/protein,LCE2D,NCBI
protein_protein,ppi,146,4222,gene/protein,MEOX1,NCBI,5835,57862,gene/protein,ZNF410,NCBI
protein_protein,ppi,147,1946,gene/protein,EFNA5,NCBI,59209,653166,gene/protein,OR1D4,NCBI
protein_protein,ppi,148,5355,gene/protein,PLP2,NCBI,6464,22839,gene/protein,DLGAP4,NCBI
protein_protein,ppi,149,205,gene/protein,AK4,NCBI,1944,6352,gene/protein,CCL5,NCBI
protein_protein,ppi,150,2261,gene/protein,FGFR3,NCBI,4491,63940,gene/protein,GPSM3,NCBI
protein_protein,ppi,151,1490,gene/protein,CCN2,NCBI,12508,151230,gene/protein,KLHL23,NCBI
protein_protein,ppi,25,4609,gene/protein,MYC,NCBI,1993,6566,gene/protein,SLC16A1,NCBI
protein_protein,ppi,152,2885,gene/protein,GRB2,NCBI,1641,5290,gene/protein,PIK3CA,NCBI
protein_protein,ppi,153,1874,gene/protein,E2F4,NCBI,8790,3619,gene/protein,INCENP,NCBI
protein_protein,ppi,154,2332,gene/protein,FMR1,NCBI,11869,25957,gene/protein,PNISR,NCBI
protein_protein,ppi,155,1107,gene/protein,CHD3,NCBI,5431,7138,gene/protein,TNNT1,NCBI
protein_protein,ppi,156,119,gene/protein,ADD2,NCBI,2947,5590,gene/protein,PRKCZ,NCBI
protein_protein,ppi,157,4738,gene/protein,NEDD8,NCBI,5377,8367,gene/protein,H4C5,NCBI
protein_protein,ppi,158,51255,gene/protein,RNF181,NCBI,3160,51619,gene/protein,UBE2D4,NCBI
protein_protein,ppi,159,11100,gene/protein,HNRNPUL1,NCBI,9381,113730,gene/protein,KLHDC7B,NCBI
protein_protein,ppi,160,10492,gene/protein,SYNCRIP,NCBI,35141,57654,gene/protein,UVSSA,NCBI
protein_protein,ppi,153,1874,gene/protein,E2F4,NCBI,2792,80764,gene/protein,THAP7,NCBI
protein_protein,ppi,161,7514,gene/protein,XPO1,NCBI,2840,10413,gene/protein,YAP1,NCBI
protein_protein,ppi,162,1836,gene/protein,SLC26A2,NCBI,22,2353,gene/protein,FOS,NCBI
protein_protein,ppi,163,4000,gene/protein,LMNA,NCBI,2200,7726,gene/protein,TRIM26,NCBI
protein_protein,ppi,164,7329,gene/protein,UBE2I,NCBI,1419,64755,gene/protein,RUSF1,NCBI
protein_protein,ppi,165,64881,gene/protein,PCDH20,NCBI,59310,79649,gene/protein,MAP7D3,NCBI
protein_protein,ppi,166,7073,gene/protein,TIAL1,NCBI,598,10127,gene/protein,ZNF263,NCBI
protein_protein,ppi,167,3732,gene/protein,CD82,NCBI,9262,85027,gene/protein,SMIM3,NCBI
protein_protein,ppi,168,1871,gene/protein,E2F3,NCBI,1097,3065,gene/protein,HDAC1,NCBI
protein_protein,ppi,169,5080,gene/protein,PAX6,NCBI,11976,55768,gene/protein,NGLY1,NCBI
protein_protein,ppi,164,7329,gene/protein,UBE2I,NCBI,1978,8575,gene/protein,PRKRA,NCBI
protein_protein,ppi,170,1295,gene/protein,COL8A1,NCBI,9368,4856,gene/protein,CCN3,NCBI
protein_protein,ppi,171,830,gene/protein,CAPZA2,NCBI,5260,11344,gene/protein,TWF2,NCBI
protein_protein,ppi,172,4879,gene/protein,NPPB,NCBI,2248,9759,gene/protein,HDAC4,NCBI
protein_protein,ppi,126,3024,gene/protein,H1-1,NCBI,10817,25975,gene/protein,EGFL6,NCBI
protein_protein,ppi,173,8766,gene/protein,RAB11A,NCBI,10347,84418,gene/protein,CYSTM1,NCBI
protein_protein,ppi,174,6688,gene/protein,SPI1,NCBI,9991,9770,gene/protein,RASSF2,NCBI
protein_protein,ppi,175,5708,gene/protein,PSMD2,NCBI,3152,8725,gene/protein,URI1,NCBI
protein_protein,ppi,176,5467,gene/protein,PPARD,NCBI,851,8841,gene/protein,HDAC3,NCBI
protein_protein,ppi,177,5728,gene/protein,PTEN,NCBI,6244,7804,gene/protein,LRP8,NCBI
protein_protein,ppi,178,2033,gene/protein,EP300,NCBI,4832,5629,gene/protein,PROX1,NCBI
protein_protein,ppi,179,3588,gene/protein,IL10RB,NCBI,60409,150709,gene/protein,ANKAR,NCBI
protein_protein,ppi,180,57175,gene/protein,CORO1B,NCBI,5493,135295,gene/protein,SRSF12,NCBI
protein_protein,ppi,181,5042,gene/protein,PABPC3,NCBI,189,7316,gene/protein,UBC,NCBI
protein_protein,ppi,182,932,gene/protein,MS4A3,NCBI,13486,403313,gene/protein,PLPP6,NCBI
protein_protein,ppi,183,4778,gene/protein,NFE2,NCBI,58730,347148,gene/protein,QRFP,NCBI
protein_protein,ppi,184,6773,gene/protein,STAT2,NCBI,4670,7398,gene/protein,USP1,NCBI
protein_protein,ppi,185,1477,gene/protein,CSTF1,NCBI,189,7316,gene/protein,UBC,NCBI
protein_protein,ppi,186,3875,gene/protein,KRT18,NCBI,7309,9050,gene/protein,PSTPIP2,NCBI
protein_protein,ppi,187,843,gene/protein,CASP10,NCBI,7519,9994,gene/protein,CASP8AP2,NCBI
protein_protein,ppi,188,2495,gene/protein,FTH1,NCBI,2005,7248,gene/protein,TSC1,NCBI
protein_protein,ppi,189,7316,gene/protein,UBC,NCBI,56646,54546,gene/protein,RNF186,NCBI
protein_protein,ppi,190,54544,gene/protein,CRCT1,NCBI,2413,653240,gene/protein,KRTAP4-11,NCBI
protein_protein,ppi,191,1856,gene/protein,DVL2,NCBI,2111,120892,gene/protein,LRRK2,NCBI
protein_protein,ppi,192,2768,gene/protein,GNA12,NCBI,4757,2784,gene/protein,GNB3,NCBI
protein_protein,ppi,193,3671,gene/protein,ISLR,NCBI,7386,51368,gene/protein,TEX264,NCBI
protein_protein,ppi,189,7316,gene/protein,UBC,NCBI,310,10576,gene/protein,CCT2,NCBI
protein_protein,ppi,194,5579,gene/protein,PRKCB,NCBI,5199,7299,gene/protein,TYR,NCBI
protein_protein,ppi,195,3842,gene/protein,TNPO1,NCBI,9704,146705,gene/protein,TEPSIN,NCBI
protein_protein,ppi,196,1849,gene/protein,DUSP7,NCBI,2153,7322,gene/protein,UBE2D2,NCBI
protein_protein,ppi,197,1432,gene/protein,MAPK14,NCBI,61419,203522,gene/protein,INTS6L,NCBI
protein_protein,ppi,198,5276,gene/protein,SERPINI2,NCBI,7524,56893,gene/protein,UBQLN4,NCBI
protein_protein,ppi,199,5423,gene/protein,POLB,NCBI,4202,8969,gene/protein,H2AC11,NCBI
protein_protein,ppi,200,10488,gene/protein,CREB3,NCBI,3279,10978,gene/protein,CLP1,NCBI
protein_protein,ppi,201,1543,gene/protein,CYP1A1,NCBI,10589,80218,gene/protein,NAA50,NCBI
protein_protein,ppi,202,10987,gene/protein,COPS5,NCBI,5716,25793,gene/protein,FBXO7,NCBI
protein_protein,ppi,189,7316,gene/protein,UBC,NCBI,7247,51504,gene/protein,TRMT112,NCBI
protein_protein,ppi,203,23601,gene/protein,CLEC5A,NCBI,12462,128869,gene/protein,PIGU,NCBI
protein_protein,ppi,66,7536,gene/protein,SF1,NCBI,10087,92283,gene/protein,ZNF461,NCBI
protein_protein,ppi,204,1054,gene/protein,CEBPG,NCBI,189,7316,gene/protein,UBC,NCBI
protein_protein,ppi,140,6613,gene/protein,SUMO2,NCBI,1522,6900,gene/protein,CNTN2,NCBI
protein_protein,ppi,205,7629,gene/protein,ZNF76,NCBI,4484,55633,gene/protein,TBC1D22B,NCBI
protein_protein,ppi,206,10236,gene/protein,HNRNPR,NCBI,2469,55666,gene/protein,NPLOC4,NCBI
protein_protein,ppi,207,4149,gene/protein,MAX,NCBI,825,10169,gene/protein,SERF2,NCBI
protein_protein,ppi,208,2886,gene/protein,GRB7,NCBI,10406,51808,gene/protein,PHAX,NCBI
protein_protein,ppi,209,4627,gene/protein,MYH9,NCBI,9609,10627,gene/protein,MYL12A,NCBI
protein_protein,ppi,210,4702,gene/protein,NDUFA8,NCBI,6942,147700,gene/protein,KLC3,NCBI
protein_protein,ppi,211,4878,gene/protein,NPPA,NCBI,6501,23203,gene/protein,PMPCA,NCBI
protein_protein,ppi,153,1874,gene/protein,E2F4,NCBI,33996,90381,gene/protein,TICRR,NCBI
protein_protein,ppi,212,10559,gene/protein,SLC35A1,NCBI,10240,115653,gene/protein,KIR3DL3,NCBI
protein_protein,ppi,213,3630,gene/protein,INS,NCBI,60053,219681,gene/protein,ARMC3,NCBI
protein_protein,ppi,214,6464,gene/protein,SHC1,NCBI,5154,25759,gene/protein,SHC2,NCBI
protein_protein,ppi,215,7266,gene/protein,DNAJC7,NCBI,7349,80169,gene/protein,CTC1,NCBI
protein_protein,ppi,209,4627,gene/protein,MYH9,NCBI,770,26064,gene/protein,RAI14,NCBI
protein_protein,ppi,125,1956,gene/protein,EGFR,NCBI,3259,7099,gene/protein,TLR4,NCBI
protein_protein,ppi,216,23385,gene/protein,NCSTN,NCBI,7593,113146,gene/protein,AHNAK2,NCBI
protein_protein,ppi,217,163059,gene/protein,ZNF433,NCBI,6106,386677,gene/protein,KRTAP10-1,NCBI
protein_protein,ppi,218,8175,gene/protein,SF3A2,NCBI,6023,9879,gene/protein,DDX46,NCBI
protein_protein,ppi,219,3398,gene/protein,ID2,NCBI,8588,84260,gene/protein,TCHP,NCBI
protein_protein,ppi,116,841,gene/protein,CASP8,NCBI,2638,10392,gene/protein,NOD1,NCBI
protein_protein,ppi,31,10726,gene/protein,NUDC,NCBI,7728,55112,gene/protein,DYNC2I1,NCBI
protein_protein,ppi,220,11162,gene/protein,NUDT6,NCBI,5034,23304,gene/protein,UBR2,NCBI
protein_protein,ppi,221,127002,gene/protein,ATXN7L2,NCBI,2879,375791,gene/protein,CYSRT1,NCBI
protein_protein,ppi,222,3615,gene/protein,IMPDH2,NCBI,1756,10535,gene/protein,RNASEH2A,NCBI
protein_protein,ppi,223,4100,gene/protein,MAGEA1,NCBI,10196,163126,gene/protein,EID2,NCBI
protein_protein,ppi,224,56935,gene/protein,SMCO4,NCBI,5515,200232,gene/protein,FAM209A,NCBI
protein_protein,ppi,15,1958,gene/protein,EGR1,NCBI,1459,10817,gene/protein,FRS3,NCBI
protein_protein,ppi,225,8525,gene/protein,DGKZ,NCBI,5206,50855,gene/protein,PARD6A,NCBI
protein_protein,ppi,226,7307,gene/protein,U2AF1,NCBI,9143,11168,gene/protein,PSIP1,NCBI
protein_protein,ppi,227,3554,gene/protein,IL1R1,NCBI,60409,150709,gene/protein,ANKAR,NCBI
protein_protein,ppi,139,5111,gene/protein,PCNA,NCBI,3995,10293,gene/protein,TRAIP,NCBI
protein_protein,ppi,228,2041,gene/protein,EPHA1,NCBI,8310,8893,gene/protein,EIF2B5,NCBI
protein_protein,ppi,229,8087,gene/protein,FXR1,NCBI,9355,54984,gene/protein,PINX1,NCBI
protein_protein,ppi,230,9512,gene/protein,PMPCB,NCBI,7273,9589,gene/protein,WTAP,NCBI
protein_protein,ppi,231,6132,gene/protein,RPL8,NCBI,6294,6159,gene/protein,RPL29,NCBI
protein_protein,ppi,232,4591,gene/protein,TRIM37,NCBI,2288,27185,gene/protein,DISC1,NCBI
protein_protein,ppi,233,55075,gene/protein,UACA,NCBI,9884,84940,gene/protein,CORO6,NCBI
protein_protein,ppi,234,6636,gene/protein,SNRPF,NCBI,13010,84967,gene/protein,LSM10,NCBI
protein_protein,ppi,152,2885,gene/protein,GRB2,NCBI,362,7454,gene/protein,WAS,NCBI
protein_protein,ppi,189,7316,gene/protein,UBC,NCBI,9230,79869,gene/protein,CPSF7,NCBI
protein_protein,ppi,235,409,gene/protein,ARRB2,NCBI,2746,29123,gene/protein,ANKRD11,NCBI
protein_protein,ppi,59,6125,gene/protein,RPL5,NCBI,57722,128312,gene/protein,H2BU1,NCBI
protein_protein,ppi,236,1029,gene/protein,CDKN2A,NCBI,4096,23163,gene/protein,GGA3,NCBI
protein_protein,ppi,73,8533,gene/protein,COPS3,NCBI,5253,64149,gene/protein,C17orf75,NCBI
protein_protein,ppi,146,4222,gene/protein,MEOX1,NCBI,13767,5075,gene/protein,PAX1,NCBI
protein_protein,ppi,237,5427,gene/protein,POLE2,NCBI,9556,54107,gene/protein,POLE3,NCBI
protein_protein,ppi,238,60,gene/protein,ACTB,NCBI,7688,6927,gene/protein,HNF1A,NCBI
protein_protein,ppi,239,84330,gene/protein,ZNF414,NCBI,2890,287015,gene/protein,TRIM42,NCBI
protein_protein,ppi,240,53,gene/protein,ACP2,NCBI,864,3358,gene/protein,HTR2C,NCBI
protein_protein,ppi,241,8363,gene/protein,H4C11,NCBI,4769,10013,gene/protein,HDAC6,NCBI
protein_protein,ppi,242,10142,gene/protein,AKAP9,NCBI,57601,727837,gene/protein,SSX2B,NCBI
protein_protein,ppi,243,5145,gene/protein,PDE6A,NCBI,729,6774,gene/protein,STAT3,NCBI
protein_protein,ppi,244,3326,gene/protein,HSP90AB1,NCBI,5453,9641,gene/protein,IKBKE,NCBI
protein_protein,ppi,245,64837,gene/protein,KLC2,NCBI,10136,219988,gene/protein,PATL1,NCBI
protein_protein,ppi,246,526,gene/protein,ATP6V1B2,NCBI,7260,2058,gene/protein,EPRS1,NCBI
protein_protein,ppi,247,55030,gene/protein,FBXO34,NCBI,17,85289,gene/protein,KRTAP4-5,NCBI
protein_protein,ppi,248,3727,gene/protein,JUND,NCBI,1454,6122,gene/protein,RPL3,NCBI
protein_protein,ppi,249,2896,gene/protein,GRN,NCBI,7928,84294,gene/protein,UTP23,NCBI
protein_protein,ppi,250,5364,gene/protein,PLXNB1,NCBI,431,5879,gene/protein,RAC1,NCBI
protein_protein,ppi,251,890,gene/protein,CCNA2,NCBI,662,5886,gene/protein,RAD23A,NCBI
protein_protein,ppi,252,90957,gene/protein,DHX57,NCBI,3463,386675,gene/protein,KRTAP10-7,NCBI
protein_protein,ppi,130,2623,gene/protein,GATA1,NCBI,3846,27156,gene/protein,RSPH14,NCBI
protein_protein,ppi,253,323,gene/protein,APBB2,NCBI,58550,84144,gene/protein,SYDE2,NCBI
protein_protein,ppi,254,85450,gene/protein,ITPRIP,NCBI,10482,170572,gene/protein,HTR3C,NCBI
protein_protein,ppi,255,3837,gene/protein,KPNB1,NCBI,5467,55720,gene/protein,TSR1,NCBI
protein_protein,ppi,256,6628,gene/protein,SNRPB,NCBI,1585,11339,gene/protein,OIP5,NCBI
protein_protein,ppi,257,374395,gene/protein,TMEM179B,NCBI,83619,100534611,gene/protein,TM4SF19-DYNLT2B,NCBI
protein_protein,ppi,258,9730,gene/protein,DCAF1,NCBI,11619,84464,gene/protein,SLX4,NCBI
protein_protein,ppi,259,29095,gene/protein,ORMDL2,NCBI,1883,83862,gene/protein,TMEM120A,NCBI
protein_protein,ppi,260,22894,gene/protein,DIS3,NCBI,7623,132141,gene/protein,IQCF1,NCBI
protein_protein,ppi,174,6688,gene/protein,SPI1,NCBI,7510,27250,gene/protein,PDCD4,NCBI
protein_protein,ppi,261,55837,gene/protein,EAPP,NCBI,7524,56893,gene/protein,UBQLN4,NCBI
protein_protein,ppi,262,5976,gene/protein,UPF1,NCBI,189,7316,gene/protein,UBC,NCBI
protein_protein,ppi,263,9618,gene/protein,TRAF4,NCBI,83620,105376752,gene/protein,NPIPA9,NCBI
protein_protein,ppi,264,5347,gene/protein,PLK1,NCBI,4296,23299,gene/protein,BICD2,NCBI
protein_protein,ppi,265,81851,gene/protein,KRTAP1-1,NCBI,5285,196472,gene/protein,FAM71C,NCBI
protein_protein,ppi,266,8662,gene/protein,EIF3B,NCBI,4648,80714,gene/protein,PBX4,NCBI
protein_protein,ppi,267,3241,gene/protein,HPCAL1,NCBI,11638,25823,gene/protein,TPSG1,NCBI
protein_protein,ppi,153,1874,gene/protein,E2F4,NCBI,2418,11130,gene/protein,ZWINT,NCBI
protein_protein,ppi,268,5516,gene/protein,PPP2CB,NCBI,8575,85440,gene/protein,DOCK7,NCBI
protein_protein,ppi,269,904,gene/protein,CCNT1,NCBI,300,5305,gene/protein,PIP4K2A,NCBI
protein_protein,ppi,270,10009,gene/protein,ZBTB33,NCBI,56,10524,gene/protein,KAT5,NCBI
protein_protein,ppi,271,54206,gene/protein,ERRFI1,NCBI,58658,645432,gene/protein,ARRDC5,NCBI
protein_protein,ppi,22,2353,gene/protein,FOS,NCBI,5684,11022,gene/protein,TDRKH,NCBI
protein_protein,ppi,272,9632,gene/protein,SEC24C,NCBI,6623,22872,gene/protein,SEC31A,NCBI
protein_protein,ppi,273,8544,gene/protein,PIR,NCBI,7932,10657,gene/protein,KHDRBS1,NCBI
protein_protein,ppi,274,8464,gene/protein,SUPT3H,NCBI,11657,117143,gene/protein,TADA1,NCBI
protein_protein,ppi,275,339366,gene/protein,ADAMTSL5,NCBI,2512,386682,gene/protein,KRTAP10-3,NCBI
protein_protein,ppi,276,3909,gene/protein,LAMA3,NCBI,60007,404552,gene/protein,SCGB1D4,NCBI
protein_protein,ppi,277,57511,gene/protein,COG6,NCBI,9602,83548,gene/protein,COG3,NCBI
protein_protein,ppi,278,2040,gene/protein,STOM,NCBI,5389,3775,gene/protein,KCNK1,NCBI
protein_protein,ppi,279,3172,gene/protein,HNF4A,NCBI,851,8841,gene/protein,HDAC3,NCBI
protein_protein,ppi,280,10277,gene/protein,UBE4B,NCBI,1354,10534,gene/protein,ZNRD2,NCBI
protein_protein,ppi,281,4543,gene/protein,MTNR1A,NCBI,9544,9898,gene/protein,UBAP2L,NCBI
protein_protein,ppi,282,3958,gene/protein,LGALS3,NCBI,11440,8540,gene/protein,AGPS,NCBI
protein_protein,ppi,283,158427,gene/protein,TSTD2,NCBI,13427,201163,gene/protein,FLCN,NCBI
protein_protein,ppi,284,51100,gene/protein,SH3GLB1,NCBI,5197,56904,gene/protein,SH3GLB2,NCBI
protein_protein,ppi,285,1994,gene/protein,ELAVL1,NCBI,893,4087,gene/protein,SMAD2,NCBI
protein_protein,ppi,286,4929,gene/protein,NR4A2,NCBI,470,6925,gene/protein,TCF4,NCBI
protein_protein,ppi,287,5087,gene/protein,PBX1,NCBI,1189,55536,gene/protein,CDCA7L,NCBI
protein_protein,ppi,288,2036,gene/protein,EPB41L1,NCBI,422,7529,gene/protein,YWHAB,NCBI
protein_protein,ppi,289,1207,gene/protein,CLNS1A,NCBI,189,7316,gene/protein,UBC,NCBI
protein_protein,ppi,290,6093,gene/protein,ROCK1,NCBI,4657,79637,gene/protein,ARMC7,NCBI
protein_protein,ppi,291,5781,gene/protein,PTPN11,NCBI,2409,9874,gene/protein,TLK1,NCBI
protein_protein,ppi,292,6279,gene/protein,S100A8,NCBI,34048,84966,gene/protein,IGSF21,NCBI
protein_protein,ppi,293,8315,gene/protein,BRAP,NCBI,58029,84911,gene/protein,ZNF382,NCBI
protein_protein,ppi,294,8737,gene/protein,RIPK1,NCBI,6770,22933,gene/protein,SIRT2,NCBI
protein_protein,ppi,295,56652,gene/protein,TWNK,NCBI,8594,57669,gene/protein,EPB41L5,NCBI
protein_protein,ppi,296,1857,gene/protein,DVL3,NCBI,59680,79856,gene/protein,SNX22,NCBI
protein_protein,ppi,297,8239,gene/protein,USP9X,NCBI,272,9632,gene/protein,SEC24C,NCBI
protein_protein,ppi,298,6608,gene/protein,SMO,NCBI,8379,123606,gene/protein,NIPA1,NCBI
protein_protein,ppi,299,6713,gene/protein,SQLE,NCBI,4632,80346,gene/protein,REEP4,NCBI
protein_protein,ppi,300,5305,gene/protein,PIP4K2A,NCBI,4117,6046,gene/protein,BRD2,NCBI
protein_protein,ppi,301,1457,gene/protein,CSNK2A1,NCBI,8367,84502,gene/protein,JPH4,NCBI
protein_protein,ppi,302,1783,gene/protein,DYNC1LI2,NCBI,6335,51143,gene/protein,DYNC1LI1,NCBI
protein_protein,ppi,303,2934,gene/protein,GSN,NCBI,5019,10634,gene/protein,GAS2L1,NCBI
protein_protein,ppi,304,4659,gene/protein,PPP1R12A,NCBI,733,51564,gene/protein,HDAC7,NCBI
protein_protein,ppi,87,3181,gene/protein,HNRNPA2B1,NCBI,9241,29780,gene/protein,PARVB,NCBI
protein_protein,ppi,305,23361,gene/protein,ZNF629,NCBI,12634,440295,gene/protein,GOLGA6L9,NCBI
protein_protein,ppi,306,29767,gene/protein,TMOD2,NCBI,11814,56005,gene/protein,MYDGF,NCBI
protein_protein,ppi,307,3042,gene/protein,HBM,NCBI,9245,4246,gene/protein,SCGB2A1,NCBI
protein_protein,ppi,308,8453,gene/protein,CUL2,NCBI,3317,9616,gene/protein,RNF7,NCBI
protein_protein,ppi,309,5079,gene/protein,PAX5,NCBI,58296,57535,gene/protein,ELAPOR1,NCBI
protein_protein,ppi,310,10576,gene/protein,CCT2,NCBI,34360,164395,gene/protein,TTLL9,NCBI
protein_protein,ppi,311,5121,gene/protein,PCP4,NCBI,71,10664,gene/protein,CTCF,NCBI
protein_protein,ppi,191,1856,gene/protein,DVL2,NCBI,5382,83737,gene/protein,ITCH,NCBI
protein_protein,ppi,81,166,gene/protein,TLE5,NCBI,4289,55668,gene/protein,GPATCH2L,NCBI
protein_protein,ppi,312,2634,gene/protein,GBP2,NCBI,729,6774,gene/protein,STAT3,NCBI
protein_protein,ppi,313,7532,gene/protein,YWHAG,NCBI,33812,84952,gene/protein,CGNL1,NCBI
protein_protein,ppi,314,580,gene/protein,BARD1,NCBI,10206,10487,gene/protein,CAP1,NCBI
protein_protein,ppi,71,10664,gene/protein,CTCF,NCBI,58749,100462977,gene/protein,MTRNR2L1,NCBI
protein_protein,ppi,315,1859,gene/protein,DYRK1A,NCBI,433,63978,gene/protein,PRDM14,NCBI
protein_protein,ppi,316,10241,gene/protein,CALCOCO2,NCBI,1319,23405,gene/protein,DICER1,NCBI
protein_protein,ppi,317,8454,gene/protein,CUL1,NCBI,7284,9314,gene/protein,KLF4,NCBI
protein_protein,ppi,318,51118,gene/protein,UTP11,NCBI,2570,64376,gene/protein,IKZF5,NCBI
protein_protein,ppi,171,830,gene/protein,CAPZA2,NCBI,6077,23164,gene/protein,MPRIP,NCBI
protein_protein,ppi,20,3846,gene/protein,KRTAP5-9,NCBI,1750,51701,gene/protein,NLK,NCBI
protein_protein,ppi,281,4543,gene/protein,MTNR1A,NCBI,643,5195,gene/protein,PEX14,NCBI
protein_protein,ppi,319,10594,gene/protein,PRPF8,NCBI,56831,84811,gene/protein,BUD13,NCBI
protein_protein,ppi,320,10202,gene/protein,DHRS2,NCBI,4606,10915,gene/protein,TCERG1,NCBI
protein_protein,ppi,321,5020,gene/protein,OXT,NCBI,1213,60491,gene/protein,NIF3L1,NCBI
protein_protein,ppi,322,2101,gene/protein,ESRRA,NCBI,5766,2875,gene/protein,GPT,NCBI
protein_protein,ppi,323,5991,gene/protein,RFX3,NCBI,2609,7205,gene/protein,TRIP6,NCBI
protein_protein,ppi,324,51512,gene/protein,GTSE1,NCBI,5894,80179,gene/protein,MYO19,NCBI
protein_protein,ppi,325,2975,gene/protein,GTF3C1,NCBI,5441,55147,gene/protein,RBM23,NCBI
protein_protein,ppi,326,3725,gene/protein,JUN,NCBI,619,7251,gene/protein,TSG101,NCBI
protein_protein,ppi,327,6187,gene/protein,RPS2,NCBI,2137,6210,gene/protein,RPS15A,NCBI
protein_protein,ppi,328,25959,gene/protein,KANK2,NCBI,11490,286133,gene/protein,SCARA5,NCBI
protein_protein,ppi,120,7013,gene/protein,TERF1,NCBI,57188,203569,gene/protein,PAGE2,NCBI
protein_protein,ppi,329,8338,gene/protein,H2AC20,NCBI,7048,8360,gene/protein,H4C4,NCBI
protein_protein,ppi,330,79364,gene/protein,ZXDC,NCBI,3835,116225,gene/protein,ZMYND19,NCBI
protein_protein,ppi,189,7316,gene/protein,UBC,NCBI,4898,79720,gene/protein,VPS37B,NCBI
protein_protein,ppi,331,7111,gene/protein,TMOD1,NCBI,8618,54822,gene/protein,TRPM7,NCBI
protein_protein,ppi,332,1019,gene/protein,CDK4,NCBI,7848,55746,gene/protein,NUP133,NCBI
protein_protein,ppi,333,4580,gene/protein,MTX1,NCBI,9783,80333,gene/protein,KCNIP4,NCBI
protein_protein,ppi,334,9111,gene/protein,NMI,NCBI,6546,79648,gene/protein,MCPH1,NCBI
protein_protein,ppi,227,3554,gene/protein,IL1R1,NCBI,4941,3557,gene/protein,IL1RN,NCBI
protein_protein,ppi,335,661,gene/protein,POLR3D,NCBI,1539,3225,gene/protein,HOXC9,NCBI
protein_protein,ppi,336,994,gene/protein,CDC25B,NCBI,1326,8556,gene/protein,CDC14A,NCBI
protein_protein,ppi,337,695,gene/protein,BTK,NCBI,2973,25879,gene/protein,DCAF13,NCBI
protein_protein,ppi,338,8330,gene/protein,H2AC15,NCBI,1056,8353,gene/protein,H3C6,NCBI
protein_protein,ppi,326,3725,gene/protein,JUN,NCBI,6617,7290,gene/protein,HIRA,NCBI
protein_protein,ppi,339,2175,gene/protein,FANCA,NCBI,5310,10135,gene/protein,NAMPT,NCBI
protein_protein,ppi,340,84707,gene/protein,BEX2,NCBI,4570,386681,gene/protein,KRTAP10-8,NCBI
protein_protein,ppi,341,590,gene/protein,BCHE,NCBI,5447,4016,gene/protein,LOXL1,NCBI
protein_protein,ppi,342,27301,gene/protein,APEX2,NCBI,58108,201626,gene/protein,PDE12,NCBI
protein_protein,ppi,119,2113,gene/protein,ETS1,NCBI,2373,8356,gene/protein,H3C12,NCBI
protein_protein,ppi,343,64763,gene/protein,ZNF574,NCBI,8188,116115,gene/protein,ZNF526,NCBI
protein_protein,ppi,344,3930,gene/protein,LBR,NCBI,464,9775,gene/protein,EIF4A3,NCBI
protein_protein,ppi,345,9040,gene/protein,UBE2M,NCBI,1910,9820,gene/protein,CUL7,NCBI
protein_protein,ppi,346,55677,gene/protein,IWS1,NCBI,10580,90378,gene/protein,SAMD1,NCBI
protein_protein,ppi,347,56898,gene/protein,BDH2,NCBI,12577,112942,gene/protein,CFAP36,NCBI
protein_protein,ppi,348,57567,gene/protein,ZNF319,NCBI,4919,386676,gene/protein,KRTAP10-9,NCBI
protein_protein,ppi,349,6138,gene/protein,RPL15,NCBI,11285,23521,gene/protein,RPL13A,NCBI
protein_protein,ppi,350,1051,gene/protein,CEBPB,NCBI,13198,129831,gene/protein,RBM45,NCBI
protein_protein,ppi,351,1745,gene/protein,DLX1,NCBI,1600,4089,gene/protein,SMAD4,NCBI
protein_protein,ppi,352,3178,gene/protein,HNRNPA1,NCBI,604,7534,gene/protein,YWHAZ,NCBI
protein_protein,ppi,353,83755,gene/protein,KRTAP4-12,NCBI,5996,353143,gene/protein,LCE3B,NCBI
protein_protein,ppi,354,3134,gene/protein,HLA-F,NCBI,8587,55540,gene/protein,IL17RB,NCBI
protein_protein,ppi,355,1952,gene/protein,CELSR2,NCBI,10540,440533,gene/protein,PSG8,NCBI
protein_protein,ppi,356,4665,gene/protein,NAB2,NCBI,10411,51759,gene/protein,C9orf78,NCBI
protein_protein,ppi,357,408,gene/protein,ARRB1,NCBI,2596,5451,gene/protein,POU2F1,NCBI
protein_protein,ppi,358,4188,gene/protein,MDFI,NCBI,1814,9212,gene/protein,AURKB,NCBI
protein_protein,ppi,359,79142,gene/protein,PHF23,NCBI,11597,84312,gene/protein,BRMS1L,NCBI
protein_protein,ppi,360,26240,gene/protein,FAM50B,NCBI,9728,79814,gene/protein,AGMAT,NCBI
protein_protein,ppi,40,1017,gene/protein,CDK2,NCBI,3399,29883,gene/protein,CNOT7,NCBI
protein_protein,ppi,361,6647,gene/protein,SOD1,NCBI,4766,10514,gene/protein,MYBBP1A,NCBI
protein_protein,ppi,362,7454,gene/protein,WAS,NCBI,5857,10054,gene/protein,UBA2,NCBI
protein_protein,ppi,363,367,gene/protein,AR,NCBI,7351,5813,gene/protein,PURA,NCBI
protein_protein,ppi,364,2060,gene/protein,EPS15,NCBI,152,2885,gene/protein,GRB2,NCBI
protein_protein,ppi,365,84941,gene/protein,HSH2D,NCBI,10512,92483,gene/protein,LDHAL6B,NCBI
protein_protein,ppi,366,26239,gene/protein,LCE2B,NCBI,4570,386681,gene/protein,KRTAP10-8,NCBI
protein_protein,ppi,367,7965,gene/protein,AIMP2,NCBI,8741,10471,gene/protein,PFDN6,NCBI
protein_protein,ppi,368,5654,gene/protein,HTRA1,NCBI,5269,9425,gene/protein,CDYL,NCBI
protein_protein,ppi,369,26993,gene/protein,AKAP8L,NCBI,9918,83741,gene/protein,TFAP2D,NCBI
protein_protein,ppi,370,3221,gene/protein,HOXC4,NCBI,2596,5451,gene/protein,POU2F1,NCBI
protein_protein,ppi,371,25942,gene/protein,SIN3A,NCBI,11507,26959,gene/protein,HBP1,NCBI
protein_protein,ppi,372,10775,gene/protein,POP4,NCBI,9650,163590,gene/protein,TOR1AIP2,NCBI
protein_protein,ppi,373,4843,gene/protein,NOS2,NCBI,8077,5321,gene/protein,PLA2G4A,NCBI
protein_protein,ppi,374,5586,gene/protein,PKN2,NCBI,4124,644591,gene/protein,PPIAL4G,NCBI
protein_protein,ppi,375,2099,gene/protein,ESR1,NCBI,7089,7296,gene/protein,TXNRD1,NCBI
protein_protein,ppi,376,29128,gene/protein,UHRF1,NCBI,10021,55062,gene/protein,WIPI1,NCBI
protein_protein,ppi,377,4223,gene/protein,MEOX2,NCBI,1376,79839,gene/protein,CCDC102B,NCBI
protein_protein,ppi,378,2059,gene/protein,EPS8,NCBI,6249,29911,gene/protein,HOOK2,NCBI
protein_protein,ppi,379,2580,gene/protein,GAK,NCBI,4163,8615,gene/protein,USO1,NCBI
protein_protein,ppi,380,84445,gene/protein,LZTS2,NCBI,11003,91746,gene/protein,YTHDC1,NCBI
protein_protein,ppi,381,3605,gene/protein,IL17A,NCBI,2893,10758,gene/protein,TRAF3IP2,NCBI
protein_protein,ppi,382,284355,gene/protein,TPRX1,NCBI,10098,388324,gene/protein,INCA1,NCBI
protein_protein,ppi,383,6134,gene/protein,RPL10,NCBI,11,6202,gene/protein,RPS8,NCBI
protein_protein,ppi,384,10929,gene/protein,SRSF8,NCBI,1757,23512,gene/protein,SUZ12,NCBI
protein_protein,ppi,385,5161,gene/protein,PDHA2,NCBI,4449,9546,gene/protein,APBA3,NCBI
protein_protein,ppi,386,353131,gene/protein,LCE1A,NCBI,2413,653240,gene/protein,KRTAP4-11,NCBI
protein_protein,ppi,387,58,gene/protein,ACTA1,NCBI,1170,6714,gene/protein,SRC,NCBI
protein_protein,ppi,388,640,gene/protein,BLK,NCBI,414,5829,gene/protein,PXN,NCBI
protein_protein,ppi,265,81851,gene/protein,KRTAP1-1,NCBI,13120,730755,gene/protein,KRTAP2-3,NCBI
protein_protein,ppi,389,1385,gene/protein,CREB1,NCBI,2649,8357,gene/protein,H3C10,NCBI
protein_protein,ppi,390,238,gene/protein,ALK,NCBI,4657,79637,gene/protein,ARMC7,NCBI
protein_protein,ppi,391,593,gene/protein,BCKDHA,NCBI,4875,10611,gene/protein,PDLIM5,NCBI
protein_protein,ppi,25,4609,gene/protein,MYC,NCBI,4860,11222,gene/protein,MRPL3,NCBI
protein_protein,ppi,392,9110,gene/protein,MTMR4,NCBI,11201,127396,gene/protein,ZNF684,NCBI
protein_protein,ppi,393,2038,gene/protein,EPB42,NCBI,6973,2672,gene/protein,GFI1,NCBI
protein_protein,ppi,3,4899,gene/protein,NRF1,NCBI,669,10179,gene/protein,RBM7,NCBI
protein_protein,ppi,394,3950,gene/protein,LECT2,NCBI,6701,26156,gene/protein,RSL1D1,NCBI
protein_protein,ppi,395,545,gene/protein,ATR,NCBI,5297,23584,gene/protein,VSIG2,NCBI
protein_protein,ppi,396,9498,gene/protein,SLC4A8,NCBI,6816,57231,gene/protein,SNX14,NCBI
protein_protein,ppi,397,267,gene/protein,AMFR,NCBI,2955,51669,gene/protein,SARAF,NCBI
protein_protein,ppi,398,7415,gene/protein,VCP,NCBI,2374,10238,gene/protein,DCAF7,NCBI
protein_protein,ppi,399,6668,gene/protein,SP2,NCBI,10143,54522,gene/protein,ANKRD16,NCBI
protein_protein,ppi,144,4088,gene/protein,SMAD3,NCBI,1571,55138,gene/protein,FAM90A1,NCBI
protein_protein,ppi,400,4170,gene/protein,MCL1,NCBI,1785,7157,gene/protein,TP53,NCBI
protein_protein,ppi,401,83606,gene/protein,GUCD1,NCBI,11513,84105,gene/protein,PCBD2,NCBI
protein_protein,ppi,402,780,gene/protein,DDR1,NCBI,3373,9112,gene/protein,MTA1,NCBI
protein_protein,ppi,403,65065,gene/protein,NBEAL1,NCBI,13979,84501,gene/protein,SPIRE2,NCBI
protein_protein,ppi,404,23555,gene/protein,TSPAN15,NCBI,4329,163183,gene/protein,SYNE4,NCBI
protein_protein,ppi,405,2244,gene/protein,FGB,NCBI,65,10291,gene/protein,SF3A1,NCBI
protein_protein,ppi,406,898,gene/protein,CCNE1,NCBI,5653,7343,gene/protein,UBTF,NCBI
protein_protein,ppi,407,9782,gene/protein,MATR3,NCBI,5164,22976,gene/protein,PAXIP1,NCBI
protein_protein,ppi,408,7270,gene/protein,TTF1,NCBI,1756,10535,gene/protein,RNASEH2A,NCBI
protein_protein,ppi,409,810,gene/protein,CALML3,NCBI,2188,4646,gene/protein,MYO6,NCBI
protein_protein,ppi,325,2975,gene/protein,GTF3C1,NCBI,9000,146540,gene/protein,ZNF785,NCBI
protein_protein,ppi,70,3866,gene/protein,KRT15,NCBI,2684,115106,gene/protein,HAUS1,NCBI
protein_protein,ppi,410,583,gene/protein,BBS2,NCBI,7787,27241,gene/protein,BBS9,NCBI
protein_protein,ppi,411,5612,gene/protein,THAP12,NCBI,13799,158405,gene/protein,KIAA1958,NCBI
protein_protein,ppi,412,6327,gene/protein,SCN2B,NCBI,22102,6335,gene/protein,SCN9A,NCBI
protein_protein,ppi,413,5092,gene/protein,PCBD1,NCBI,1892,53353,gene/protein,LRP1B,NCBI
protein_protein,ppi,414,5829,gene/protein,PXN,NCBI,2827,8502,gene/protein,PKP4,NCBI
protein_protein,ppi,415,5933,gene/protein,RBL1,NCBI,5148,9819,gene/protein,TSC22D2,NCBI
protein_protein,ppi,416,7009,gene/protein,TMBIM6,NCBI,12834,27240,gene/protein,SIT1,NCBI
protein_protein,ppi,417,7412,gene/protein,VCAM1,NCBI,6041,27243,gene/protein,CHMP2A,NCBI
protein_protein,ppi,418,5594,gene/protein,MAPK1,NCBI,2830,55290,gene/protein,BRF2,NCBI
protein_protein,ppi,419,83878,gene/protein,USHBP1,NCBI,12916,338785,gene/protein,KRT79,NCBI
protein_protein,ppi,420,2122,gene/protein,MECOM,NCBI,5159,10856,gene/protein,RUVBL2,NCBI
protein_protein,ppi,189,7316,gene/protein,UBC,NCBI,13373,131566,gene/protein,DCBLD2,NCBI
protein_protein,ppi,421,6720,gene/protein,SREBF1,NCBI,12749,161424,gene/protein,NOP9,NCBI
protein_protein,ppi,422,7529,gene/protein,YWHAB,NCBI,12162,84254,gene/protein,CAMKK1,NCBI
protein_protein,ppi,423,1327,gene/protein,COX4I1,NCBI,1534,7416,gene/protein,VDAC1,NCBI
protein_protein,ppi,38,891,gene/protein,CCNB1,NCBI,2104,1027,gene/protein,CDKN1B,NCBI
protein_protein,ppi,424,55143,gene/protein,CDCA8,NCBI,6955,140690,gene/protein,CTCFL,NCBI
protein_protein,ppi,425,638,gene/protein,BIK,NCBI,2737,1534,gene/protein,CYB561,NCBI
protein_protein,ppi,153,1874,gene/protein,E2F4,NCBI,959,8678,gene/protein,BECN1,NCBI
protein_protein,ppi,426,4436,gene/protein,MSH2,NCBI,25,4609,gene/protein,MYC,NCBI
protein_protein,ppi,427,2275,gene/protein,FHL3,NCBI,418,5594,gene/protein,MAPK1,NCBI
protein_protein,ppi,428,8726,gene/protein,EED,NCBI,9230,79869,gene/protein,CPSF7,NCBI
protein_protein,ppi,429,7189,gene/protein,TRAF6,NCBI,13463,148022,gene/protein,TICAM1,NCBI
protein_protein,ppi,430,5911,gene/protein,RAP2A,NCBI,189,7316,gene/protein,UBC,NCBI
protein_protein,ppi,431,5879,gene/protein,RAC1,NCBI,4625,23526,gene/protein,ARHGAP45,NCBI
protein_protein,ppi,363,367,gene/protein,AR,NCBI,1871,5501,gene/protein,PPP1CC,NCBI
protein_protein,ppi,432,9260,gene/protein,PDLIM7,NCBI,12711,81873,gene/protein,ARPC5L,NCBI
protein_protein,ppi,433,63978,gene/protein,PRDM14,NCBI,9819,140885,gene/protein,SIRPA,NCBI
protein_protein,ppi,434,10950,gene/protein,BTG3,NCBI,10461,158787,gene/protein,RIBC1,NCBI
protein_protein,ppi,435,4236,gene/protein,MFAP1,NCBI,1930,11043,gene/protein,MID2,NCBI
protein_protein,ppi,436,8702,gene/protein,B4GALT4,NCBI,11976,55768,gene/protein,NGLY1,NCBI
protein_protein,ppi,189,7316,gene/protein,UBC,NCBI,34065,55256,gene/protein,ADI1,NCBI
protein_protein,ppi,437,6652,gene/protein,SORD,NCBI,432,9260,gene/protein,PDLIM7,NCBI
protein_protein,ppi,438,7314,gene/protein,UBB,NCBI,482,8887,gene/protein,TAX1BP1,NCBI
protein_protein,ppi,439,1267,gene/protein,CNP,NCBI,5591,23410,gene/protein,SIRT3,NCBI
protein_protein,ppi,440,973,gene/protein,CD79A,NCBI,6876,51257,gene/protein,MARCHF2,NCBI
protein_protein,ppi,441,2264,gene/protein,FGFR4,NCBI,7833,29893,gene/protein,PSMC3IP,NCBI
protein_protein,ppi,442,122183,gene/protein,PRR20A,NCBI,2529,146325,gene/protein,PRR35,NCBI
protein_protein,ppi,443,1876,gene/protein,E2F6,NCBI,1466,8318,gene/protein,CDC45,NCBI
protein_protein,ppi,444,11170,gene/protein,FAM107A,NCBI,1381,202243,gene/protein,CCDC125,NCBI
protein_protein,ppi,445,3298,gene/protein,HSF2,NCBI,7897,5546,gene/protein,PRCC,NCBI
protein_protein,ppi,446,4666,gene/protein,NACA,NCBI,5818,55791,gene/protein,LRIF1,NCBI
protein_protein,ppi,68,1869,gene/protein,E2F1,NCBI,2522,7159,gene/protein,TP53BP2,NCBI
protein_protein,ppi,447,2740,gene/protein,GLP1R,NCBI,416,7009,gene/protein,TMBIM6,NCBI
protein_protein,ppi,448,6899,gene/protein,TBX1,NCBI,1757,23512,gene/protein,SUZ12,NCBI
protein_protein,ppi,449,6935,gene/protein,ZEB1,NCBI,82623,727758,gene/protein,ROCK1P1,NCBI
protein_protein,ppi,450,8611,gene/protein,PLPP1,NCBI,1712,136263,gene/protein,SSMEM1,NCBI
protein_protein,ppi,451,9815,gene/protein,GIT2,NCBI,4382,11151,gene/protein,CORO1A,NCBI
protein_protein,ppi,452,1312,gene/protein,COMT,NCBI,189,7316,gene/protein,UBC,NCBI
protein_protein,ppi,453,3184,gene/protein,HNRNPD,NCBI,2566,9569,gene/protein,GTF2IRD1,NCBI
protein_protein,ppi,454,2624,gene/protein,GATA2,NCBI,8186,8925,gene/protein,HERC1,NCBI
protein_protein,ppi,455,1131,gene/protein,CHRM3,NCBI,9122,22870,gene/protein,PPP6R1,NCBI
protein_protein,ppi,456,2103,gene/protein,ESRRB,NCBI,693,8976,gene/protein,WASL,NCBI
protein_protein,ppi,457,1269,gene/protein,CNR2,NCBI,12861,91869,gene/protein,RFT1,NCBI
protein_protein,ppi,458,6009,gene/protein,RHEB,NCBI,8565,285613,gene/protein,RELL2,NCBI
protein_protein,ppi,459,7175,gene/protein,TPR,NCBI,9049,51530,gene/protein,ZC3HC1,NCBI
protein_protein,ppi,460,6657,gene/protein,SOX2,NCBI,7754,9611,gene/protein,NCOR1,NCBI
protein_protein,ppi,461,3838,gene/protein,KPNA2,NCBI,4807,51366,gene/protein,UBR5,NCBI
protein_protein,ppi,462,161742,gene/protein,SPRED1,NCBI,12472,388969,gene/protein,C2orf68,NCBI
protein_protein,ppi,282,3958,gene/protein,LGALS3,NCBI,9992,153129,gene/protein,SLC38A9,NCBI
protein_protein,ppi,463,10424,gene/protein,PGRMC2,NCBI,12203,84620,gene/protein,ST6GAL2,NCBI
protein_protein,ppi,464,9775,gene/protein,EIF4A3,NCBI,469,55110,gene/protein,MAGOHB,NCBI
protein_protein,ppi,465,25894,gene/protein,PLEKHG4,NCBI,1202,113878,gene/protein,DTX2,NCBI
protein_protein,ppi,466,6430,gene/protein,SRSF5,NCBI,206,10236,gene/protein,HNRNPR,NCBI
protein_protein,ppi,467,2959,gene/protein,GTF2B,NCBI,418,5594,gene/protein,MAPK1,NCBI
protein_protein,ppi,468,120379,gene/protein,PIH1D2,NCBI,462,161742,gene/protein,SPRED1,NCBI
protein_protein,ppi,469,55110,gene/protein,MAGOHB,NCBI,35418,100128927,gene/protein,ZBTB42,NCBI
protein_protein,ppi,470,6925,gene/protein,TCF4,NCBI,57714,58486,gene/protein,ZBED5,NCBI
protein_protein,ppi,471,50863,gene/protein,NTM,NCBI,34588,257194,gene/protein,NEGR1,NCBI
protein_protein,ppi,472,9801,gene/protein,MRPL19,NCBI,3195,28977,gene/protein,MRPL42,NCBI
protein_protein,ppi,473,373,gene/protein,TRIM23,NCBI,3119,7336,gene/protein,UBE2V2,NCBI
protein_protein,ppi,474,51319,gene/protein,RSRC1,NCBI,12032,60682,gene/protein,SMAP1,NCBI
protein_protein,ppi,287,5087,gene/protein,PBX1,NCBI,57017,134553,gene/protein,C5orf24,NCBI
protein_protein,ppi,475,6717,gene/protein,SRI,NCBI,189,7316,gene/protein,UBC,NCBI
protein_protein,ppi,476,2162,gene/protein,F13A1,NCBI,1874,2243,gene/protein,FGA,NCBI
protein_protein,ppi,477,3561,gene/protein,IL2RG,NCBI,271,54206,gene/protein,ERRFI1,NCBI
protein_protein,ppi,360,26240,gene/protein,FAM50B,NCBI,57200,220388,gene/protein,CCDC89,NCBI
protein_protein,ppi,478,3009,gene/protein,H1-5,NCBI,5725,8028,gene/protein,MLLT10,NCBI
protein_protein,ppi,479,23379,gene/protein,ICE1,NCBI,11062,79664,gene/protein,ICE2,NCBI
protein_protein,ppi,480,6642,gene/protein,SNX1,NCBI,6446,29886,gene/protein,SNX8,NCBI
protein_protein,ppi,454,2624,gene/protein,GATA2,NCBI,6208,9587,gene/protein,MAD2L1BP,NCBI
protein_protein,ppi,481,57096,gene/protein,RPGRIP1,NCBI,1351,163050,gene/protein,ZNF564,NCBI
protein_protein,ppi,482,8887,gene/protein,TAX1BP1,NCBI,9596,23132,gene/protein,RAD54L2,NCBI
protein_protein,ppi,483,54534,gene/protein,MRPL50,NCBI,11205,57674,gene/protein,RNF213,NCBI
protein_protein,ppi,484,5747,gene/protein,PTK2,NCBI,12938,117157,gene/protein,SH2D1B,NCBI
protein_protein,ppi,485,4043,gene/protein,LRPAP1,NCBI,1892,53353,gene/protein,LRP1B,NCBI
protein_protein,ppi,486,5018,gene/protein,OXA1L,NCBI,6631,121457,gene/protein,IKBIP,NCBI
protein_protein,ppi,487,149461,gene/protein,CLDN19,NCBI,9948,493869,gene/protein,GPX8,NCBI
protein_protein,ppi,337,695,gene/protein,BTK,NCBI,77327,83889,gene/protein,WDR87,NCBI
protein_protein,ppi,488,79065,gene/protein,ATG9A,NCBI,8899,448834,gene/protein,KPRP,NCBI
protein_protein,ppi,489,857,gene/protein,CAV1,NCBI,4653,6683,gene/protein,SPAST,NCBI
protein_protein,ppi,490,5159,gene/protein,PDGFRB,NCBI,9832,6503,gene/protein,SLA,NCBI
protein_protein,ppi,61,801,gene/protein,CALM1,NCBI,11497,6262,gene/protein,RYR2,NCBI
protein_protein,ppi,491,10482,gene/protein,NXF1,NCBI,7958,60468,gene/protein,BACH2,NCBI
protein_protein,ppi,492,6597,gene/protein,SMARCA4,NCBI,3072,54487,gene/protein,DGCR8,NCBI
protein_protein,ppi,493,2928,gene/protein,GSC2,NCBI,56869,91464,gene/protein,ISX,NCBI
protein_protein,ppi,494,2193,gene/protein,FARSA,NCBI,531,7528,gene/protein,YY1,NCBI
protein_protein,ppi,495,8342,gene/protein,H2BC14,NCBI,1054,9774,gene/protein,BCLAF1,NCBI
protein_protein,ppi,496,37,gene/protein,ACADVL,NCBI,7203,58516,gene/protein,SINHCAF,NCBI
protein_protein,ppi,457,1269,gene/protein,CNR2,NCBI,6951,5349,gene/protein,FXYD3,NCBI
protein_protein,ppi,497,3091,gene/protein,HIF1A,NCBI,308,8453,gene/protein,CUL2,NCBI
protein_protein,ppi,498,10043,gene/protein,TOM1,NCBI,5894,80179,gene/protein,MYO19,NCBI
protein_protein,ppi,499,3656,gene/protein,IRAK2,NCBI,34989,85463,gene/protein,ZC3H12C,NCBI
protein_protein,ppi,500,7376,gene/protein,NR1H2,NCBI,2039,7917,gene/protein,BAG6,NCBI
protein_protein,ppi,501,27031,gene/protein,NPHP3,NCBI,13059,340385,gene/protein,ZNF517,NCBI
protein_protein,ppi,44,6732,gene/protein,SRPK1,NCBI,6251,10480,gene/protein,EIF3M,NCBI
protein_protein,ppi,502,8648,gene/protein,NCOA1,NCBI,60409,150709,gene/protein,ANKAR,NCBI
protein_protein,ppi,503,4904,gene/protein,YBX1,NCBI,11883,93973,gene/protein,ACTR8,NCBI
protein_protein,ppi,504,2271,gene/protein,FH,NCBI,4134,3015,gene/protein,H2AZ1,NCBI
protein_protein,ppi,505,2735,gene/protein,GLI1,NCBI,5446,55273,gene/protein,TMEM100,NCBI
protein_protein,ppi,506,3609,gene/protein,ILF3,NCBI,3467,6228,gene/protein,RPS23,NCBI
protein_protein,ppi,507,2355,gene/protein,FOSL2,NCBI,9764,84962,gene/protein,AJUBA,NCBI
protein_protein,ppi,508,29950,gene/protein,SERTAD1,NCBI,11026,57542,gene/protein,KLHL42,NCBI
protein_protein,ppi,509,2908,gene/protein,NR3C1,NCBI,329,8338,gene/protein,H2AC20,NCBI
protein_protein,ppi,178,2033,gene/protein,EP300,NCBI,4498,23603,gene/protein,CORO1C,NCBI
protein_protein,ppi,510,3300,gene/protein,DNAJB2,NCBI,10375,50626,gene/protein,CYHR1,NCBI
protein_protein,ppi,511,9659,gene/protein,PDE4DIP,NCBI,3896,9873,gene/protein,FCHSD2,NCBI
protein_protein,ppi,512,4673,gene/protein,NAP1L1,NCBI,2189,6731,gene/protein,SRP72,NCBI
protein_protein,ppi,513,22852,gene/protein,ANKRD26,NCBI,3663,81565,gene/protein,NDEL1,NCBI
protein_protein,ppi,514,2804,gene/protein,GOLGB1,NCBI,2527,23392,gene/protein,ECPAS,NCBI
protein_protein,ppi,515,602,gene/protein,BCL3,NCBI,6286,6169,gene/protein,RPL38,NCBI
protein_protein,ppi,516,2017,gene/protein,CTTN,NCBI,1687,2260,gene/protein,FGFR1,NCBI
protein_protein,ppi,517,79041,gene/protein,TMEM38A,NCBI,12750,126006,gene/protein,PCP2,NCBI
protein_protein,ppi,518,1454,gene/protein,CSNK1E,NCBI,8670,53339,gene/protein,BTBD1,NCBI
protein_protein,ppi,519,3313,gene/protein,HSPA9,NCBI,4691,10542,gene/protein,LAMTOR5,NCBI
protein_protein,ppi,520,3183,gene/protein,HNRNPC,NCBI,417,7412,gene/protein,VCAM1,NCBI
protein_protein,ppi,521,57665,gene/protein,RDH14,NCBI,12561,57795,gene/protein,BRINP2,NCBI
protein_protein,ppi,522,65057,gene/protein,ACD,NCBI,57188,203569,gene/protein,PAGE2,NCBI
protein_protein,ppi,523,9911,gene/protein,TMCC2,NCBI,4382,11151,gene/protein,CORO1A,NCBI
protein_protein,ppi,524,6189,gene/protein,RPS3A,NCBI,2143,10399,gene/protein,RACK1,NCBI
protein_protein,ppi,525,1962,gene/protein,EHHADH,NCBI,1686,90933,gene/protein,TRIM41,NCBI
protein_protein,ppi,526,2566,gene/protein,GABRG2,NCBI,13487,253558,gene/protein,LCLAT1,NCBI
protein_protein,ppi,527,2597,gene/protein,GAPDH,NCBI,3097,5272,gene/protein,SERPINB9,NCBI
protein_protein,ppi,528,3215,gene/protein,HOXB5,NCBI,575,5089,gene/protein,PBX2,NCBI
protein_protein,ppi,529,5705,gene/protein,PSMC5,NCBI,7778,85363,gene/protein,TRIM5,NCBI
protein_protein,ppi,202,10987,gene/protein,COPS5,NCBI,10376,26471,gene/protein,NUPR1,NCBI
protein_protein,ppi,530,983,gene/protein,CDK1,NCBI,2291,8370,gene/protein,H4C14,NCBI
protein_protein,ppi,531,7528,gene/protein,YY1,NCBI,56553,553115,gene/protein,PEF1,NCBI
protein_protein,ppi,532,4988,gene/protein,OPRM1,NCBI,1658,23214,gene/protein,XPO6,NCBI
protein_protein,ppi,533,4528,gene/protein,MTIF2,NCBI,1621,7284,gene/protein,TUFM,NCBI
protein_protein,ppi,534,10204,gene/protein,NUTF2,NCBI,1664,29082,gene/protein,CHMP4A,NCBI
protein_protein,ppi,535,1736,gene/protein,DKC1,NCBI,884,56342,gene/protein,PPAN,NCBI
protein_protein,ppi,536,599,gene/protein,BCL2L2,NCBI,3777,57414,gene/protein,RHBDD2,NCBI
protein_protein,ppi,537,29115,gene/protein,SAP30BP,NCBI,4775,84292,gene/protein,WDR83,NCBI
protein_protein,ppi,538,5329,gene/protein,PLAUR,NCBI,12604,200895,gene/protein,DHFR2,NCBI
protein_protein,ppi,539,27076,gene/protein,LYPD3,NCBI,3744,57552,gene/protein,NCEH1,NCBI
protein_protein,ppi,540,9094,gene/protein,UNC119,NCBI,4631,11068,gene/protein,CYB561D2,NCBI
protein_protein,ppi,470,6925,gene/protein,TCF4,NCBI,12136,7701,gene/protein,ZNF142,NCBI
protein_protein,ppi,530,983,gene/protein,CDK1,NCBI,12270,8891,gene/protein,EIF2B3,NCBI
protein_protein,ppi,541,4175,gene/protein,MCM6,NCBI,3385,8351,gene/protein,H3C4,NCBI
protein_protein,ppi,542,6432,gene/protein,SRSF7,NCBI,65,10291,gene/protein,SF3A1,NCBI
protein_protein,ppi,543,6885,gene/protein,MAP3K7,NCBI,5682,23118,gene/protein,TAB2,NCBI
protein_protein,ppi,544,8928,gene/protein,FOXH1,NCBI,6909,337974,gene/protein,KRTAP19-7,NCBI
protein_protein,ppi,545,6840,gene/protein,SVIL,NCBI,3394,65260,gene/protein,COA7,NCBI
protein_protein,ppi,546,1778,gene/protein,DYNC1H1,NCBI,9164,8985,gene/protein,PLOD3,NCBI
protein_protein,ppi,547,4815,gene/protein,NINJ2,NCBI,1824,93380,gene/protein,MMGT1,NCBI
protein_protein,ppi,548,6318,gene/protein,SERPINB4,NCBI,4484,55633,gene/protein,TBC1D22B,NCBI
protein_protein,ppi,282,3958,gene/protein,LGALS3,NCBI,5145,51077,gene/protein,FCF1,NCBI
protein_protein,ppi,549,81,gene/protein,ACTN4,NCBI,10089,399687,gene/protein,MYO18A,NCBI
protein_protein,ppi,550,10957,gene/protein,PNRC1,NCBI,2635,23644,gene/protein,EDC4,NCBI
protein_protein,ppi,551,10171,gene/protein,RCL1,NCBI,4343,64282,gene/protein,TENT4B,NCBI
protein_protein,ppi,552,5165,gene/protein,PDK3,NCBI,3172,22948,gene/protein,CCT5,NCBI
protein_protein,ppi,553,4751,gene/protein,NEK2,NCBI,7490,64682,gene/protein,ANAPC1,NCBI
protein_protein,ppi,554,672,gene/protein,BRCA1,NCBI,1135,1500,gene/protein,CTNND1,NCBI
protein_protein,ppi,555,389,gene/protein,RHOC,NCBI,769,1499,gene/protein,CTNNB1,NCBI
protein_protein,ppi,556,10460,gene/protein,TACC3,NCBI,9395,220082,gene/protein,CBY2,NCBI
protein_protein,ppi,557,54541,gene/protein,DDIT4,NCBI,5445,55183,gene/protein,RIF1,NCBI
protein_protein,ppi,558,4833,gene/protein,NME4,NCBI,8048,59286,gene/protein,UBL5,NCBI
protein_protein,ppi,559,54776,gene/protein,PPP1R12C,NCBI,7011,80351,gene/protein,TNKS2,NCBI
protein_protein,ppi,560,5354,gene/protein,PLP1,NCBI,128,120939,gene/protein,TMEM52B,NCBI
protein_protein,ppi,15,1958,gene/protein,EGR1,NCBI,4255,9917,gene/protein,FAM20B,NCBI
protein_protein,ppi,561,51655,gene/protein,RASD1,NCBI,4919,386676,gene/protein,KRTAP10-9,NCBI
protein_protein,ppi,562,9625,gene/protein,AATK,NCBI,35058,152926,gene/protein,PPM1K,NCBI
protein_protein,ppi,563,79698,gene/protein,ZMAT4,NCBI,12432,341208,gene/protein,HEPHL1,NCBI
protein_protein,ppi,564,221656,gene/protein,KDM1B,NCBI,7553,284467,gene/protein,TAFA3,NCBI
protein_protein,ppi,505,2735,gene/protein,GLI1,NCBI,13068,124590,gene/protein,USH1G,NCBI
protein_protein,ppi,565,5204,gene/protein,PFDN5,NCBI,2528,26206,gene/protein,SPAG8,NCBI
protein_protein,ppi,566,5578,gene/protein,PRKCA,NCBI,6333,10811,gene/protein,NOXA1,NCBI
protein_protein,ppi,567,7332,gene/protein,UBE2L3,NCBI,1207,7417,gene/protein,VDAC2,NCBI
protein_protein,ppi,568,142,gene/protein,PARP1,NCBI,805,1050,gene/protein,CEBPA,NCBI
protein_protein,ppi,569,8553,gene/protein,BHLHE40,NCBI,2662,10445,gene/protein,MCRS1,NCBI
protein_protein,ppi,570,3831,gene/protein,KLC1,NCBI,10070,66008,gene/protein,TRAK2,NCBI
protein_protein,ppi,571,11007,gene/protein,CCDC85B,NCBI,2966,79571,gene/protein,GCC1,NCBI
protein_protein,ppi,33,2932,gene/protein,GSK3B,NCBI,7020,29959,gene/protein,NRBP1,NCBI
protein_protein,ppi,572,3836,gene/protein,KPNA1,NCBI,577,5925,gene/protein,RB1,NCBI
protein_protein,ppi,573,4793,gene/protein,NFKBIB,NCBI,12007,10103,gene/protein,TSPAN1,NCBI
protein_protein,ppi,574,846,gene/protein,CASR,NCBI,3917,5582,gene/protein,PRKCG,NCBI
protein_protein,ppi,575,5089,gene/protein,PBX2,NCBI,1872,7324,gene/protein,UBE2E1,NCBI
protein_protein,ppi,3,4899,gene/protein,NRF1,NCBI,2607,55260,gene/protein,TMEM143,NCBI
protein_protein,ppi,576,11107,gene/protein,PRDM5,NCBI,7013,199990,gene/protein,FAAP20,NCBI
protein_protein,ppi,577,5925,gene/protein,RB1,NCBI,2447,8503,gene/protein,PIK3R3,NCBI
protein_protein,ppi,578,6446,gene/protein,SGK1,NCBI,3373,9112,gene/protein,MTA1,NCBI
protein_protein,ppi,579,648,gene/protein,BMI1,NCBI,2764,8971,gene/protein,H1-10,NCBI
protein_protein,ppi,580,5901,gene/protein,RAN,NCBI,3529,6651,gene/protein,SON,NCBI
protein_protein,ppi,581,9495,gene/protein,AKAP5,NCBI,6314,51633,gene/protein,OTUD6B,NCBI
protein_protein,ppi,418,5594,gene/protein,MAPK1,NCBI,22101,85358,gene/protein,SHANK3,NCBI
protein_protein,ppi,582,23126,gene/protein,POGZ,NCBI,5835,57862,gene/protein,ZNF410,NCBI
protein_protein,ppi,583,3017,gene/protein,H2BC5,NCBI,1966,4205,gene/protein,MEF2A,NCBI
protein_protein,ppi,584,353139,gene/protein,LCE2A,NCBI,13120,730755,gene/protein,KRTAP2-3,NCBI
protein_protein,ppi,585,1879,gene/protein,EBF1,NCBI,7069,10552,gene/protein,ARPC1A,NCBI
protein_protein,ppi,586,23673,gene/protein,STX12,NCBI,7286,29110,gene/protein,TBK1,NCBI
protein_protein,ppi,587,3066,gene/protein,HDAC2,NCBI,2231,8216,gene/protein,LZTR1,NCBI
protein_protein,ppi,588,286075,gene/protein,ZNF707,NCBI,13909,353274,gene/protein,ZNF445,NCBI
protein_protein,ppi,589,293,gene/protein,SLC25A6,NCBI,193,3671,gene/protein,ISLR,NCBI
protein_protein,ppi,590,6208,gene/protein,RPS14,NCBI,7423,6231,gene/protein,RPS26,NCBI
protein_protein,ppi,591,229,gene/protein,ALDOB,NCBI,57948,200958,gene/protein,MUC20,NCBI
protein_protein,ppi,592,2177,gene/protein,FANCD2,NCBI,1356,4171,gene/protein,MCM2,NCBI
protein_protein,ppi,593,1032,gene/protein,CDKN2D,NCBI,2743,55145,gene/protein,THAP1,NCBI
protein_protein,ppi,594,1786,gene/protein,DNMT1,NCBI,2655,7874,gene/protein,USP7,NCBI
protein_protein,ppi,595,6886,gene/protein,TAL1,NCBI,10652,23645,gene/protein,PPP1R15A,NCBI
protein_protein,ppi,596,8736,gene/protein,MYOM1,NCBI,11241,440050,gene/protein,KRTAP5-7,NCBI
protein_protein,ppi,314,580,gene/protein,BARD1,NCBI,3349,8358,gene/protein,H3C2,NCBI
protein_protein,ppi,174,6688,gene/protein,SPI1,NCBI,9374,9371,gene/protein,KIF3B,NCBI
protein_protein,ppi,597,7323,gene/protein,UBE2D3,NCBI,1561,23087,gene/protein,TRIM35,NCBI
protein_protein,ppi,598,10127,gene/protein,ZNF263,NCBI,11988,56942,gene/protein,CMC2,NCBI
protein_protein,ppi,599,8661,gene/protein,EIF3A,NCBI,2457,8666,gene/protein,EIF3G,NCBI
protein_protein,ppi,600,84140,gene/protein,FAM161A,NCBI,1686,90933,gene/protein,TRIM41,NCBI
protein_protein,ppi,601,25,gene/protein,ABL1,NCBI,125,1956,gene/protein,EGFR,NCBI
protein_protein,ppi,602,51741,gene/protein,WWOX,NCBI,9973,284325,gene/protein,C19orf54,NCBI
protein_protein,ppi,603,126410,gene/protein,CYP4F22,NCBI,3743,148534,gene/protein,TLCD4,NCBI
protein_protein,ppi,189,7316,gene/protein,UBC,NCBI,7117,118429,gene/protein,ANTXR2,NCBI
protein_protein,ppi,604,7534,gene/protein,YWHAZ,NCBI,7617,55167,gene/protein,MSL2,NCBI
protein_protein,ppi,605,7289,gene/protein,TULP3,NCBI,5044,9453,gene/protein,GGPS1,NCBI
protein_protein,ppi,606,9320,gene/protein,TRIP12,NCBI,5415,55011,gene/protein,PIH1D1,NCBI
protein_protein,ppi,489,857,gene/protein,CAV1,NCBI,2618,3654,gene/protein,IRAK1,NCBI
protein_protein,ppi,607,57168,gene/protein,ASPHD2,NCBI,6470,147719,gene/protein,LYPD4,NCBI
protein_protein,ppi,608,55737,gene/protein,VPS35,NCBI,5547,81706,gene/protein,PPP1R14C,NCBI
protein_protein,ppi,609,4919,gene/protein,ROR1,NCBI,6575,9647,gene/protein,PPM1F,NCBI
protein_protein,ppi,610,2534,gene/protein,FYN,NCBI,7249,6655,gene/protein,SOS2,NCBI
protein_protein,ppi,611,351,gene/protein,APP,NCBI,8419,59343,gene/protein,SENP2,NCBI
protein_protein,ppi,612,55964,gene/protein,SEPTIN3,NCBI,9417,57161,gene/protein,PELI2,NCBI
protein_protein,ppi,613,29074,gene/protein,MRPL18,NCBI,1851,54148,gene/protein,MRPL39,NCBI
protein_protein,ppi,461,3838,gene/protein,KPNA2,NCBI,10342,5324,gene/protein,PLAG1,NCBI
protein_protein,ppi,444,11170,gene/protein,FAM107A,NCBI,34997,55328,gene/protein,RNLS,NCBI
protein_protein,ppi,614,5702,gene/protein,PSMC3,NCBI,3953,5711,gene/protein,PSMD5,NCBI
protein_protein,ppi,615,5693,gene/protein,PSMB5,NCBI,3136,5714,gene/protein,PSMD8,NCBI
protein_protein,ppi,525,1962,gene/protein,EHHADH,NCBI,57496,405754,gene/protein,ERVFRD-1,NCBI
protein_protein,ppi,616,7188,gene/protein,TRAF5,NCBI,11766,391257,gene/protein,SUMO1P1,NCBI
protein_protein,ppi,617,6241,gene/protein,RRM2,NCBI,1870,23197,gene/protein,FAF2,NCBI
protein_protein,ppi,618,23595,gene/protein,ORC3,NCBI,2687,26092,gene/protein,TOR1AIP1,NCBI
protein_protein,ppi,619,7251,gene/protein,TSG101,NCBI,9081,63976,gene/protein,PRDM16,NCBI
protein_protein,ppi,620,2648,gene/protein,KAT2A,NCBI,6729,10891,gene/protein,PPARGC1A,NCBI
protein_protein,ppi,621,80227,gene/protein,PAAF1,NCBI,34162,134510,gene/protein,UBLCP1,NCBI
protein_protein,ppi,622,2997,gene/protein,GYS1,NCBI,3888,79818,gene/protein,ZNF552,NCBI
protein_protein,ppi,623,89872,gene/protein,AQP10,NCBI,8837,390212,gene/protein,GPR152,NCBI
protein_protein,ppi,624,51545,gene/protein,ZNF581,NCBI,4306,79754,gene/protein,ASB13,NCBI
protein_protein,ppi,625,3575,gene/protein,IL7R,NCBI,604,7534,gene/protein,YWHAZ,NCBI
protein_protein,ppi,626,26038,gene/protein,CHD5,NCBI,1249,53615,gene/protein,MBD3,NCBI
protein_protein,ppi,627,10787,gene/protein,NCKAP1,NCBI,2532,55845,gene/protein,BRK1,NCBI
protein_protein,ppi,628,10749,gene/protein,KIF1C,NCBI,11836,22850,gene/protein,ADNP2,NCBI
protein_protein,ppi,71,10664,gene/protein,CTCF,NCBI,57126,161829,gene/protein,EXD1,NCBI
protein_protein,ppi,629,8416,gene/protein,ANXA9,NCBI,34420,55160,gene/protein,ARHGEF10L,NCBI
protein_protein,ppi,630,813,gene/protein,CALU,NCBI,11045,11055,gene/protein,ZPBP,NCBI
protein_protein,ppi,631,11186,gene/protein,RASSF1,NCBI,1489,60485,gene/protein,SAV1,NCBI
protein_protein,ppi,632,3659,gene/protein,IRF1,NCBI,503,4904,gene/protein,YBX1,NCBI
protein_protein,ppi,633,3660,gene/protein,IRF2,NCBI,2698,5530,gene/protein,PPP3CA,NCBI
protein_protein,ppi,634,131616,gene/protein,TMEM42,NCBI,4461,146664,gene/protein,MGAT5B,NCBI
protein_protein,ppi,635,9218,gene/protein,VAPA,NCBI,10537,112464,gene/protein,CAVIN3,NCBI
protein_protein,ppi,636,9656,gene/protein,MDC1,NCBI,8584,25988,gene/protein,HINFP,NCBI
protein_protein,ppi,637,5725,gene/protein,PTBP1,NCBI,1800,6626,gene/protein,SNRPA,NCBI
protein_protein,ppi,638,5090,gene/protein,PBX3,NCBI,9036,51142,gene/protein,CHCHD2,NCBI
protein_protein,ppi,639,5791,gene/protein,PTPRE,NCBI,1314,5885,gene/protein,RAD21,NCBI
protein_protein,ppi,640,23184,gene/protein,MESD,NCBI,12976,254394,gene/protein,MCM9,NCBI
protein_protein,ppi,641,346,gene/protein,APOC4,NCBI,2988,29979,gene/protein,UBQLN1,NCBI
protein_protein,ppi,642,2706,gene/protein,GJB2,NCBI,8837,390212,gene/protein,GPR152,NCBI
protein_protein,ppi,643,5195,gene/protein,PEX14,NCBI,2159,6351,gene/protein,CCL4,NCBI
protein_protein,ppi,644,5523,gene/protein,PPP2R3A,NCBI,734,9859,gene/protein,CEP170,NCBI
protein_protein,ppi,645,8467,gene/protein,SMARCA5,NCBI,2884,25920,gene/protein,NELFB,NCBI
protein_protein,ppi,512,4673,gene/protein,NAP1L1,NCBI,2288,27185,gene/protein,DISC1,NCBI
protein_protein,ppi,25,4609,gene/protein,MYC,NCBI,8481,4780,gene/protein,NFE2L2,NCBI
protein_protein,ppi,646,3281,gene/protein,HSBP1,NCBI,265,81851,gene/protein,KRTAP1-1,NCBI
protein_protein,ppi,647,8048,gene/protein,CSRP3,NCBI,2167,8550,gene/protein,MAPKAPK5,NCBI
protein_protein,ppi,648,4801,gene/protein,NFYB,NCBI,8483,79641,gene/protein,ROGDI,NCBI
protein_protein,ppi,649,10097,gene/protein,ACTR2,NCBI,4880,10733,gene/protein,PLK4,NCBI
protein_protein,ppi,650,9079,gene/protein,LDB2,NCBI,6960,55017,gene/protein,C14orf119,NCBI
protein_protein,ppi,651,5566,gene/protein,PRKACA,NCBI,743,5663,gene/protein,PSEN1,NCBI
protein_protein,ppi,492,6597,gene/protein,SMARCA4,NCBI,1751,7171,gene/protein,TPM4,NCBI
protein_protein,ppi,652,226,gene/protein,ALDOA,NCBI,2057,2335,gene/protein,FN1,NCBI
protein_protein,ppi,653,11059,gene/protein,WWP1,NCBI,9824,23111,gene/protein,SPART,NCBI
protein_protein,ppi,492,6597,gene/protein,SMARCA4,NCBI,11480,129025,gene/protein,ZNF280A,NCBI
protein_protein,ppi,530,983,gene/protein,CDK1,NCBI,2542,4613,gene/protein,MYCN,NCBI
protein_protein,ppi,654,8027,gene/protein,STAM,NCBI,3744,57552,gene/protein,NCEH1,NCBI
protein_protein,ppi,68,1869,gene/protein,E2F1,NCBI,3822,51444,gene/protein,RNF138,NCBI
protein_protein,ppi,189,7316,gene/protein,UBC,NCBI,9623,51676,gene/protein,ASB2,NCBI
protein_protein,ppi,655,10426,gene/protein,TUBGCP3,NCBI,57595,653784,gene/protein,MZT2A,NCBI
protein_protein,ppi,656,2774,gene/protein,GNAL,NCBI,11027,27159,gene/protein,CHIA,NCBI
protein_protein,ppi,657,1671,gene/protein,DEFA6,NCBI,1317,29978,gene/protein,UBQLN2,NCBI
protein_protein,ppi,658,25852,gene/protein,ARMC8,NCBI,842,51073,gene/protein,MRPL4,NCBI
protein_protein,ppi,659,9317,gene/protein,PTER,NCBI,1984,56654,gene/protein,NPDC1,NCBI
protein_protein,ppi,660,6139,gene/protein,RPL17,NCBI,2137,6210,gene/protein,RPS15A,NCBI
protein_protein,ppi,279,3172,gene/protein,HNF4A,NCBI,12983,51292,gene/protein,GMPR2,NCBI
protein_protein,ppi,661,8908,gene/protein,GYG2,NCBI,6697,58505,gene/protein,OSTC,NCBI
protein_protein,ppi,662,5886,gene/protein,RAD23A,NCBI,10864,54754,gene/protein,NUTM2F,NCBI
protein_protein,ppi,663,5987,gene/protein,TRIM27,NCBI,6467,254187,gene/protein,TSGA10IP,NCBI
protein_protein,ppi,664,6128,gene/protein,RPL6,NCBI,3714,6175,gene/protein,RPLP0,NCBI
protein_protein,ppi,665,7132,gene/protein,TNFRSF1A,NCBI,12926,53373,gene/protein,TPCN1,NCBI
protein_protein,ppi,666,2067,gene/protein,ERCC1,NCBI,2759,85015,gene/protein,USP45,NCBI
protein_protein,ppi,667,2305,gene/protein,FOXM1,NCBI,11184,286826,gene/protein,LIN9,NCBI
protein_protein,ppi,50,2114,gene/protein,ETS2,NCBI,729,6774,gene/protein,STAT3,NCBI
protein_protein,ppi,178,2033,gene/protein,EP300,NCBI,3886,10654,gene/protein,PMVK,NCBI
protein_protein,ppi,668,2516,gene/protein,NR5A1,NCBI,6729,10891,gene/protein,PPARGC1A,NCBI
protein_protein,ppi,669,10179,gene/protein,RBM7,NCBI,6166,11258,gene/protein,DCTN3,NCBI
protein_protein,ppi,670,3895,gene/protein,KTN1,NCBI,11285,23521,gene/protein,RPL13A,NCBI
protein_protein,ppi,671,23170,gene/protein,TTLL12,NCBI,6314,51633,gene/protein,OTUD6B,NCBI
protein_protein,ppi,317,8454,gene/protein,CUL1,NCBI,5576,26270,gene/protein,FBXO6,NCBI
protein_protein,ppi,672,4824,gene/protein,NKX3-1,NCBI,4151,5002,gene/protein,SLC22A18,NCBI
protein_protein,ppi,73,8533,gene/protein,COPS3,NCBI,816,10980,gene/protein,COPS6,NCBI
protein_protein,ppi,673,54947,gene/protein,LPCAT2,NCBI,1855,345275,gene/protein,HSD17B13,NCBI
protein_protein,ppi,674,3068,gene/protein,HDGF,NCBI,1845,6722,gene/protein,SRF,NCBI
protein_protein,ppi,675,8630,gene/protein,HSD17B6,NCBI,33993,83940,gene/protein,TATDN1,NCBI
protein_protein,ppi,431,5879,gene/protein,RAC1,NCBI,21974,57531,gene/protein,HACE1,NCBI
protein_protein,ppi,580,5901,gene/protein,RAN,NCBI,4232,9636,gene/protein,ISG15,NCBI
protein_protein,ppi,152,2885,gene/protein,GRB2,NCBI,2250,6850,gene/protein,SYK,NCBI
protein_protein,ppi,676,2185,gene/protein,PTK2B,NCBI,527,2597,gene/protein,GAPDH,NCBI
protein_protein,ppi,677,23412,gene/protein,COMMD3,NCBI,9661,29099,gene/protein,COMMD9,NCBI
protein_protein,ppi,189,7316,gene/protein,UBC,NCBI,1442,9638,gene/protein,FEZ1,NCBI
protein_protein,ppi,678,64129,gene/protein,TINAGL1,NCBI,60749,101060226,gene/protein,NBPF19,NCBI
protein_protein,ppi,679,9131,gene/protein,AIFM1,NCBI,58084,155185,gene/protein,AMZ1,NCBI
protein_protein,ppi,680,2235,gene/protein,FECH,NCBI,8228,23277,gene/protein,CLUH,NCBI
protein_protein,ppi,681,7088,gene/protein,TLE1,NCBI,2561,10736,gene/protein,SIX2,NCBI
protein_protein,ppi,682,6310,gene/protein,ATXN1,NCBI,12768,6988,gene/protein,TCTA,NCBI
protein_protein,ppi,683,3164,gene/protein,NR4A1,NCBI,5130,9557,gene/protein,CHD1L,NCBI
protein_protein,ppi,684,23035,gene/protein,PHLPP2,NCBI,9054,64854,gene/protein,USP46,NCBI
protein_protein,ppi,685,83902,gene/protein,KRTAP17-1,NCBI,4840,353144,gene/protein,LCE3C,NCBI
protein_protein,ppi,189,7316,gene/protein,UBC,NCBI,2777,23471,gene/protein,TRAM1,NCBI
protein_protein,ppi,686,1154,gene/protein,CISH,NCBI,178,2033,gene/protein,EP300,NCBI
protein_protein,ppi,350,1051,gene/protein,CEBPB,NCBI,12488,11209,gene/protein,MST1P2,NCBI
protein_protein,ppi,687,7913,gene/protein,DEK,NCBI,1711,8449,gene/protein,DHX16,NCBI
protein_protein,ppi,688,9798,gene/protein,IST1,NCBI,2765,29882,gene/protein,ANAPC2,NCBI
protein_protein,ppi,689,56104,gene/protein,PCDHGB1,NCBI,57308,285315,gene/protein,C3orf33,NCBI
protein_protein,ppi,690,4800,gene/protein,NFYA,NCBI,503,4904,gene/protein,YBX1,NCBI
protein_protein,ppi,691,975,gene/protein,CD81,NCBI,4006,9601,gene/protein,PDIA4,NCBI
protein_protein,ppi,422,7529,gene/protein,YWHAB,NCBI,12685,200186,gene/protein,CRTC2,NCBI
protein_protein,ppi,692,5698,gene/protein,PSMB9,NCBI,502,8648,gene/protein,NCOA1,NCBI
protein_protein,ppi,693,8976,gene/protein,WASL,NCBI,5978,10298,gene/protein,PAK4,NCBI
protein_protein,ppi,694,905,gene/protein,CCNT2,NCBI,1772,5577,gene/protein,PRKAR2B,NCBI
protein_protein,ppi,695,2074,gene/protein,ERCC6,NCBI,599,8661,gene/protein,EIF3A,NCBI
protein_protein,ppi,696,491,gene/protein,ATP2B2,NCBI,945,6640,gene/protein,SNTA1,NCBI
protein_protein,ppi,503,4904,gene/protein,YBX1,NCBI,7153,8772,gene/protein,FADD,NCBI
protein_protein,ppi,331,7111,gene/protein,TMOD1,NCBI,9215,55200,gene/protein,PLEKHG6,NCBI
protein_protein,ppi,518,1454,gene/protein,CSNK1E,NCBI,133,1460,gene/protein,CSNK2B,NCBI
protein_protein,ppi,697,1558,gene/protein,CYP2C8,NCBI,9377,79890,gene/protein,RIN3,NCBI
protein_protein,ppi,698,48,gene/protein,ACO1,NCBI,6450,26112,gene/protein,CCDC69,NCBI
protein_protein,ppi,699,331,gene/protein,XIAP,NCBI,3726,9113,gene/protein,LATS1,NCBI
protein_protein,ppi,143,5573,gene/protein,PRKAR1A,NCBI,5668,11131,gene/protein,CAPN11,NCBI
protein_protein,ppi,700,8974,gene/protein,P4HA2,NCBI,2470,10574,gene/protein,CCT7,NCBI
protein_protein,ppi,701,2801,gene/protein,GOLGA2,NCBI,11517,54540,gene/protein,FAM193B,NCBI
protein_protein,ppi,702,5664,gene/protein,PSEN2,NCBI,189,7316,gene/protein,UBC,NCBI
protein_protein,ppi,703,6157,gene/protein,RPL27A,NCBI,2143,10399,gene/protein,RACK1,NCBI
protein_protein,ppi,704,8655,gene/protein,DYNLL1,NCBI,3549,23376,gene/protein,UFL1,NCBI
protein_protein,ppi,705,4606,gene/protein,MYBPC2,NCBI,33835,202333,gene/protein,CMYA5,NCBI
protein_protein,ppi,706,5916,gene/protein,RARG,NCBI,2402,6182,gene/protein,MRPL12,NCBI
protein_protein,ppi,707,1525,gene/protein,CXADR,NCBI,7754,9611,gene/protein,NCOR1,NCBI
protein_protein,ppi,690,4800,gene/protein,NFYA,NCBI,7325,26271,gene/protein,FBXO5,NCBI
protein_protein,ppi,708,4286,gene/protein,MITF,NCBI,418,5594,gene/protein,MAPK1,NCBI
protein_protein,ppi,709,7037,gene/protein,TFRC,NCBI,2624,128866,gene/protein,CHMP4B,NCBI
protein_protein,ppi,710,10540,gene/protein,DCTN2,NCBI,4553,65108,gene/protein,MARCKSL1,NCBI
protein_protein,ppi,711,9463,gene/protein,PICK1,NCBI,10630,221424,gene/protein,LRRC73,NCBI
protein_protein,ppi,712,353142,gene/protein,LCE3A,NCBI,7252,440021,gene/protein,KRTAP5-2,NCBI
protein_protein,ppi,713,9443,gene/protein,MED7,NCBI,8316,9862,gene/protein,MED24,NCBI
protein_protein,ppi,714,7046,gene/protein,TGFBR1,NCBI,2379,57154,gene/protein,SMURF1,NCBI
protein_protein,ppi,119,2113,gene/protein,ETS1,NCBI,901,27347,gene/protein,STK39,NCBI
protein_protein,ppi,715,4629,gene/protein,MYH11,NCBI,1774,9126,gene/protein,SMC3,NCBI
protein_protein,ppi,509,2908,gene/protein,NR3C1,NCBI,58116,255403,gene/protein,ZNF718,NCBI
protein_protein,ppi,460,6657,gene/protein,SOX2,NCBI,10122,22875,gene/protein,ENPP4,NCBI
protein_protein,ppi,579,648,gene/protein,BMI1,NCBI,1831,5604,gene/protein,MAP2K1,NCBI
protein_protein,ppi,716,1937,gene/protein,EEF1G,NCBI,4641,6596,gene/protein,HLTF,NCBI
protein_protein,ppi,717,6133,gene/protein,RPL9,NCBI,6750,8470,gene/protein,SORBS2,NCBI
protein_protein,ppi,718,5795,gene/protein,PTPRJ,NCBI,7817,8314,gene/protein,BAP1,NCBI
protein_protein,ppi,719,3299,gene/protein,HSF4,NCBI,142,54915,gene/protein,YTHDF1,NCBI
protein_protein,ppi,531,7528,gene/protein,YY1,NCBI,7385,286451,gene/protein,YIPF6,NCBI
protein_protein,ppi,720,5739,gene/protein,PTGIR,NCBI,6636,9213,gene/protein,XPR1,NCBI
protein_protein,ppi,721,5660,gene/protein,PSAP,NCBI,226,7307,gene/protein,U2AF1,NCBI
protein_protein,ppi,722,1967,gene/protein,EIF2B1,NCBI,10091,284369,gene/protein,SIGLECL1,NCBI
protein_protein,ppi,723,162427,gene/protein,RETREG3,NCBI,10150,222642,gene/protein,TSPO2,NCBI
protein_protein,ppi,724,622,gene/protein,BDH1,NCBI,840,3598,gene/protein,IL13RA2,NCBI
protein_protein,ppi,725,26751,gene/protein,SH3YL1,NCBI,271,54206,gene/protein,ERRFI1,NCBI
protein_protein,ppi,726,1616,gene/protein,DAXX,NCBI,188,2495,gene/protein,FTH1,NCBI
protein_protein,ppi,441,2264,gene/protein,FGFR4,NCBI,13600,157638,gene/protein,LRATD2,NCBI
protein_protein,ppi,727,3052,gene/protein,HCCS,NCBI,58301,79066,gene/protein,METTL16,NCBI
protein_protein,ppi,728,9821,gene/protein,RB1CC1,NCBI,2288,27185,gene/protein,DISC1,NCBI
protein_protein,ppi,729,6774,gene/protein,STAT3,NCBI,12747,92565,gene/protein,FANK1,NCBI
protein_protein,ppi,730,8831,gene/protein,SYNGAP1,NCBI,2128,10133,gene/protein,OPTN,NCBI
protein_protein,ppi,731,946,gene/protein,SIGLEC6,NCBI,470,6925,gene/protein,TCF4,NCBI
protein_protein,ppi,197,1432,gene/protein,MAPK14,NCBI,8577,5608,gene/protein,MAP2K6,NCBI
protein_protein,ppi,732,7549,gene/protein,ZNF2,NCBI,56886,92856,gene/protein,IMP4,NCBI
protein_protein,ppi,733,51564,gene/protein,HDAC7,NCBI,5652,63035,gene/protein,BCORL1,NCBI
protein_protein,ppi,734,9859,gene/protein,CEP170,NCBI,11668,81610,gene/protein,FAM83D,NCBI
protein_protein,ppi,270,10009,gene/protein,ZBTB33,NCBI,11472,51755,gene/protein,CDK12,NCBI
protein_protein,ppi,735,3549,gene/protein,IHH,NCBI,1020,3728,gene/protein,JUP,NCBI
protein_protein,ppi,467,2959,gene/protein,GTF2B,NCBI,77280,554226,gene/protein,ANKRD30BL,NCBI
protein_protein,ppi,736,64518,gene/protein,TEKT3,NCBI,7478,83896,gene/protein,KRTAP3-1,NCBI
protein_protein,ppi,737,64769,gene/protein,MEAF6,NCBI,5992,255626,gene/protein,H2BC1,NCBI
protein_protein,ppi,738,6629,gene/protein,SNRPB2,NCBI,2798,9240,gene/protein,PNMA1,NCBI
protein_protein,ppi,610,2534,gene/protein,FYN,NCBI,5957,11183,gene/protein,MAP4K5,NCBI
protein_protein,ppi,739,908,gene/protein,CCT6A,NCBI,3262,22884,gene/protein,WDR37,NCBI
protein_protein,ppi,314,580,gene/protein,BARD1,NCBI,9733,2286,gene/protein,FKBP2,NCBI
protein_protein,ppi,740,5914,gene/protein,RARA,NCBI,6150,8795,gene/protein,TNFRSF10B,NCBI
protein_protein,ppi,741,1022,gene/protein,CDK7,NCBI,7837,55796,gene/protein,MBNL3,NCBI
protein_protein,ppi,189,7316,gene/protein,UBC,NCBI,7439,89941,gene/protein,RHOT2,NCBI
protein_protein,ppi,742,4654,gene/protein,MYOD1,NCBI,6770,22933,gene/protein,SIRT2,NCBI
protein_protein,ppi,743,5663,gene/protein,PSEN1,NCBI,3162,55156,gene/protein,ARMC1,NCBI
protein_protein,ppi,744,10438,gene/protein,C1D,NCBI,4396,55596,gene/protein,ZCCHC8,NCBI
protein_protein,ppi,119,2113,gene/protein,ETS1,NCBI,58571,22898,gene/protein,DENND3,NCBI
protein_protein,ppi,745,506,gene/protein,ATP5F1B,NCBI,9270,222484,gene/protein,LNX2,NCBI
protein_protein,ppi,746,1108,gene/protein,CHD4,NCBI,587,3066,gene/protein,HDAC2,NCBI
protein_protein,ppi,747,192666,gene/protein,KRT24,NCBI,11112,286887,gene/protein,KRT6C,NCBI
protein_protein,ppi,422,7529,gene/protein,YWHAB,NCBI,5755,7942,gene/protein,TFEB,NCBI
protein_protein,ppi,748,1109,gene/protein,AKR1C4,NCBI,12653,8644,gene/protein,AKR1C3,NCBI
protein_protein,ppi,209,4627,gene/protein,MYH9,NCBI,12127,64283,gene/protein,ARHGEF28,NCBI
protein_protein,ppi,188,2495,gene/protein,FTH1,NCBI,1197,2859,gene/protein,GPR35,NCBI
protein_protein,ppi,749,7422,gene/protein,VEGFA,NCBI,6651,7423,gene/protein,VEGFB,NCBI
protein_protein,ppi,750,3932,gene/protein,LCK,NCBI,5463,9047,gene/protein,SH2D2A,NCBI
protein_protein,ppi,751,10126,gene/protein,DNAL4,NCBI,1483,57159,gene/protein,TRIM54,NCBI
protein_protein,ppi,443,1876,gene/protein,E2F6,NCBI,1206,6015,gene/protein,RING1,NCBI
protein_protein,ppi,752,51213,gene/protein,LUZP4,NCBI,9569,386678,gene/protein,KRTAP10-11,NCBI
protein_protein,ppi,753,23677,gene/protein,SH3BP4,NCBI,9650,163590,gene/protein,TOR1AIP2,NCBI
protein_protein,ppi,754,3476,gene/protein,IGBP1,NCBI,654,8027,gene/protein,STAM,NCBI
protein_protein,ppi,755,26268,gene/protein,FBXO9,NCBI,7085,54438,gene/protein,GFOD1,NCBI
protein_protein,ppi,756,8036,gene/protein,SHOC2,NCBI,11431,22808,gene/protein,MRAS,NCBI
protein_protein,ppi,757,2232,gene/protein,FDXR,NCBI,6463,4817,gene/protein,NIT1,NCBI
protein_protein,ppi,758,1727,gene/protein,CYB5R3,NCBI,3823,10406,gene/protein,WFDC2,NCBI
protein_protein,ppi,515,602,gene/protein,BCL3,NCBI,467,2959,gene/protein,GTF2B,NCBI
protein_protein,ppi,759,8890,gene/protein,EIF2B4,NCBI,4673,23632,gene/protein,CA14,NCBI
protein_protein,ppi,760,5460,gene/protein,POU5F1,NCBI,8085,23528,gene/protein,ZNF281,NCBI
protein_protein,ppi,761,6168,gene/protein,RPL37A,NCBI,4766,10514,gene/protein,MYBBP1A,NCBI
protein_protein,ppi,762,57187,gene/protein,THOC2,NCBI,13104,114049,gene/protein,BUD23,NCBI
protein_protein,ppi,763,5601,gene/protein,MAPK9,NCBI,2683,23633,gene/protein,KPNA6,NCBI
protein_protein,ppi,436,8702,gene/protein,B4GALT4,NCBI,6172,56650,gene/protein,CLDND1,NCBI
protein_protein,ppi,741,1022,gene/protein,CDK7,NCBI,2161,11140,gene/protein,CDC37,NCBI
protein_protein,ppi,764,952,gene/protein,CD38,NCBI,750,3932,gene/protein,LCK,NCBI
protein_protein,ppi,313,7532,gene/protein,YWHAG,NCBI,12809,51339,gene/protein,DACT1,NCBI
protein_protein,ppi,296,1857,gene/protein,DVL3,NCBI,4612,59349,gene/protein,KLHL12,NCBI
protein_protein,ppi,765,6233,gene/protein,RPS27A,NCBI,3801,7706,gene/protein,TRIM25,NCBI
protein_protein,ppi,766,4582,gene/protein,MUC1,NCBI,10687,133022,gene/protein,TRAM1L1,NCBI
protein_protein,ppi,767,51027,gene/protein,BOLA1,NCBI,4244,51218,gene/protein,GLRX5,NCBI
protein_protein,ppi,768,3188,gene/protein,HNRNPH2,NCBI,9164,8985,gene/protein,PLOD3,NCBI
protein_protein,ppi,438,7314,gene/protein,UBB,NCBI,3959,10247,gene/protein,RIDA,NCBI
protein_protein,ppi,178,2033,gene/protein,EP300,NCBI,6883,8837,gene/protein,CFLAR,NCBI
protein_protein,ppi,769,1499,gene/protein,CTNNB1,NCBI,1587,9051,gene/protein,PSTPIP1,NCBI
protein_protein,ppi,770,26064,gene/protein,RAI14,NCBI,10089,399687,gene/protein,MYO18A,NCBI
protein_protein,ppi,771,7975,gene/protein,MAFK,NCBI,6292,55660,gene/protein,PRPF40A,NCBI
protein_protein,ppi,431,5879,gene/protein,RAC1,NCBI,7847,84231,gene/protein,TRAF7,NCBI
protein_protein,ppi,611,351,gene/protein,APP,NCBI,4595,80820,gene/protein,EEPD1,NCBI
protein_protein,ppi,772,5970,gene/protein,RELA,NCBI,4766,10514,gene/protein,MYBBP1A,NCBI
protein_protein,ppi,773,6426,gene/protein,SRSF1,NCBI,2167,8550,gene/protein,MAPKAPK5,NCBI
protein_protein,ppi,774,1488,gene/protein,CTBP2,NCBI,10944,93986,gene/protein,FOXP2,NCBI
protein_protein,ppi,775,23594,gene/protein,ORC6,NCBI,13143,222229,gene/protein,LRWD1,NCBI
protein_protein,ppi,776,114571,gene/protein,SLC22A9,NCBI,57380,347734,gene/protein,SLC35B2,NCBI
protein_protein,ppi,349,6138,gene/protein,RPL15,NCBI,5144,51776,gene/protein,MAP3K20,NCBI
protein_protein,ppi,400,4170,gene/protein,MCL1,NCBI,2102,5300,gene/protein,PIN1,NCBI
protein_protein,ppi,777,7566,gene/protein,ZNF18,NCBI,8738,158399,gene/protein,ZNF483,NCBI
protein_protein,ppi,778,7572,gene/protein,ZNF24,NCBI,3521,11161,gene/protein,ERG28,NCBI
protein_protein,ppi,779,51421,gene/protein,AMOTL2,NCBI,4263,83746,gene/protein,L3MBTL2,NCBI
protein_protein,ppi,780,6635,gene/protein,SNRPE,NCBI,88,26121,gene/protein,PRPF31,NCBI
protein_protein,ppi,781,817,gene/protein,CAMK2D,NCBI,3120,3297,gene/protein,HSF1,NCBI
protein_protein,ppi,782,9978,gene/protein,RBX1,NCBI,5825,54101,gene/protein,RIPK4,NCBI
protein_protein,ppi,154,2332,gene/protein,FMR1,NCBI,349,6138,gene/protein,RPL15,NCBI
protein_protein,ppi,783,80233,gene/protein,FAAP100,NCBI,77166,100885850,gene/protein,PTGES3L-AARSD1,NCBI
protein_protein,ppi,352,3178,gene/protein,HNRNPA1,NCBI,1734,4691,gene/protein,NCL,NCBI
protein_protein,ppi,784,5127,gene/protein,CDK16,NCBI,143,5573,gene/protein,PRKAR1A,NCBI
protein_protein,ppi,530,983,gene/protein,CDK1,NCBI,1280,6883,gene/protein,TAF12,NCBI
protein_protein,ppi,413,5092,gene/protein,PCBD1,NCBI,34108,22982,gene/protein,DIP2C,NCBI
protein_protein,ppi,742,4654,gene/protein,MYOD1,NCBI,7754,9611,gene/protein,NCOR1,NCBI
protein_protein,ppi,314,580,gene/protein,BARD1,NCBI,114,9135,gene/protein,RABEP1,NCBI
protein_protein,ppi,682,6310,gene/protein,ATXN1,NCBI,2773,8557,gene/protein,TCAP,NCBI
protein_protein,ppi,785,5140,gene/protein,PDE3B,NCBI,3162,55156,gene/protein,ARMC1,NCBI
protein_protein,ppi,786,135228,gene/protein,CD109,NCBI,59689,375519,gene/protein,GJB7,NCBI
protein_protein,ppi,787,4628,gene/protein,MYH10,NCBI,2947,5590,gene/protein,PRKCZ,NCBI
protein_protein,ppi,788,302,gene/protein,ANXA2,NCBI,327,6187,gene/protein,RPS2,NCBI
protein_protein,ppi,108,1111,gene/protein,CHEK1,NCBI,313,7532,gene/protein,YWHAG,NCBI
protein_protein,ppi,553,4751,gene/protein,NEK2,NCBI,5661,10848,gene/protein,PPP1R13L,NCBI
protein_protein,ppi,789,5741,gene/protein,PTH,NCBI,2039,7917,gene/protein,BAG6,NCBI
protein_protein,ppi,790,338,gene/protein,APOB,NCBI,3581,64805,gene/protein,P2RY12,NCBI
protein_protein,ppi,51,6667,gene/protein,SP1,NCBI,56972,126074,gene/protein,SWSAP1,NCBI
protein_protein,ppi,375,2099,gene/protein,ESR1,NCBI,4579,50943,gene/protein,FOXP3,NCBI
protein_protein,ppi,791,1355,gene/protein,COX15,NCBI,1338,5928,gene/protein,RBBP4,NCBI
protein_protein,ppi,792,1831,gene/protein,TSC22D3,NCBI,2880,8848,gene/protein,TSC22D1,NCBI
protein_protein,ppi,793,4201,gene/protein,MEA1,NCBI,1314,5885,gene/protein,RAD21,NCBI
protein_protein,ppi,794,7681,gene/protein,MKRN3,NCBI,2694,51061,gene/protein,TXNDC11,NCBI
protein_protein,ppi,470,6925,gene/protein,TCF4,NCBI,34727,83938,gene/protein,LRMDA,NCBI
protein_protein,ppi,795,6772,gene/protein,STAT1,NCBI,3019,7161,gene/protein,TP73,NCBI
protein_protein,ppi,796,10175,gene/protein,CNIH1,NCBI,124,51614,gene/protein,ERGIC3,NCBI
protein_protein,ppi,797,3069,gene/protein,HDLBP,NCBI,2322,7520,gene/protein,XRCC5,NCBI
protein_protein,ppi,119,2113,gene/protein,ETS1,NCBI,1267,6672,gene/protein,SP100,NCBI
protein_protein,ppi,189,7316,gene/protein,UBC,NCBI,818,9837,gene/protein,GINS1,NCBI
protein_protein,ppi,798,23085,gene/protein,ERC1,NCBI,7085,54438,gene/protein,GFOD1,NCBI
protein_protein,ppi,248,3727,gene/protein,JUND,NCBI,11954,144501,gene/protein,KRT80,NCBI
protein_protein,ppi,799,2247,gene/protein,FGF2,NCBI,1020,3728,gene/protein,JUP,NCBI
protein_protein,ppi,800,3185,gene/protein,HNRNPF,NCBI,966,163154,gene/protein,PRR22,NCBI
protein_protein,ppi,801,80196,gene/protein,RNF34,NCBI,5602,80311,gene/protein,KLHL15,NCBI
protein_protein,ppi,802,1021,gene/protein,CDK6,NCBI,5514,5315,gene/protein,PKM,NCBI
protein_protein,ppi,803,6606,gene/protein,SMN1,NCBI,2039,7917,gene/protein,BAG6,NCBI
protein_protein,ppi,389,1385,gene/protein,CREB1,NCBI,2243,6348,gene/protein,CCL3,NCBI
protein_protein,ppi,804,57666,gene/protein,FBRSL1,NCBI,7170,84333,gene/protein,PCGF5,NCBI
protein_protein,ppi,805,1050,gene/protein,CEBPA,NCBI,5653,7343,gene/protein,UBTF,NCBI
protein_protein,ppi,806,9324,gene/protein,HMGN3,NCBI,11213,79680,gene/protein,RTL10,NCBI
protein_protein,ppi,807,6449,gene/protein,SGTA,NCBI,1853,51060,gene/protein,TXNDC12,NCBI
protein_protein,ppi,420,2122,gene/protein,MECOM,NCBI,1338,5928,gene/protein,RBBP4,NCBI
protein_protein,ppi,808,5910,gene/protein,RAP1GDS1,NCBI,6504,5979,gene/protein,RET,NCBI
protein_protein,ppi,809,2972,gene/protein,BRF1,NCBI,10188,23753,gene/protein,SDF2L1,NCBI
protein_protein,ppi,810,80007,gene/protein,C10orf88,NCBI,5768,121441,gene/protein,NEDD1,NCBI
protein_protein,ppi,811,4707,gene/protein,NDUFB1,NCBI,4095,56928,gene/protein,SPPL2B,NCBI
protein_protein,ppi,812,79759,gene/protein,ZNF668,NCBI,8440,126375,gene/protein,ZNF792,NCBI
protein_protein,ppi,813,1762,gene/protein,DMWD,NCBI,398,7415,gene/protein,VCP,NCBI
protein_protein,ppi,814,10253,gene/protein,SPRY2,NCBI,1018,23624,gene/protein,CBLC,NCBI
protein_protein,ppi,769,1499,gene/protein,CTNNB1,NCBI,2090,7295,gene/protein,TXN,NCBI
protein_protein,ppi,815,10640,gene/protein,EXOC5,NCBI,3989,84062,gene/protein,DTNBP1,NCBI
protein_protein,ppi,816,10980,gene/protein,COPS6,NCBI,13734,317719,gene/protein,KLHL10,NCBI
protein_protein,ppi,791,1355,gene/protein,COX15,NCBI,10280,23193,gene/protein,GANAB,NCBI
protein_protein,ppi,817,7368,gene/protein,UGT8,NCBI,3721,10345,gene/protein,TRDN,NCBI
protein_protein,ppi,818,9837,gene/protein,GINS1,NCBI,6730,54962,gene/protein,TIPIN,NCBI
protein_protein,ppi,819,3799,gene/protein,KIF5B,NCBI,7818,6616,gene/protein,SNAP25,NCBI
protein_protein,ppi,820,10569,gene/protein,SLU7,NCBI,5116,54904,gene/protein,NSD3,NCBI
protein_protein,ppi,821,3801,gene/protein,KIFC3,NCBI,5193,55165,gene/protein,CEP55,NCBI
protein_protein,ppi,822,2064,gene/protein,ERBB2,NCBI,1170,6714,gene/protein,SRC,NCBI
protein_protein,ppi,823,7321,gene/protein,UBE2D1,NCBI,2200,7726,gene/protein,TRIM26,NCBI
protein_protein,ppi,824,10884,gene/protein,MRPS30,NCBI,1851,54148,gene/protein,MRPL39,NCBI
protein_protein,ppi,15,1958,gene/protein,EGR1,NCBI,5633,7342,gene/protein,UBP1,NCBI
protein_protein,ppi,503,4904,gene/protein,YBX1,NCBI,5708,26986,gene/protein,PABPC1,NCBI
protein_protein,ppi,825,10169,gene/protein,SERF2,NCBI,6768,55603,gene/protein,TENT5A,NCBI
protein_protein,ppi,826,1487,gene/protein,CTBP1,NCBI,1902,55120,gene/protein,FANCL,NCBI
protein_protein,ppi,827,6135,gene/protein,RPL11,NCBI,7423,6231,gene/protein,RPS26,NCBI
protein_protein,ppi,828,10249,gene/protein,GLYAT,NCBI,60749,101060226,gene/protein,NBPF19,NCBI
protein_protein,ppi,829,10458,gene/protein,BAIAP2,NCBI,2594,57142,gene/protein,RTN4,NCBI
protein_protein,ppi,830,8899,gene/protein,PRPF4B,NCBI,8113,9343,gene/protein,EFTUD2,NCBI
protein_protein,ppi,831,10808,gene/protein,HSPH1,NCBI,9216,63982,gene/protein,ANO3,NCBI
protein_protein,ppi,832,360,gene/protein,AQP3,NCBI,57365,342900,gene/protein,LEUTX,NCBI
protein_protein,ppi,833,9855,gene/protein,FARP2,NCBI,7703,55421,gene/protein,NCBP3,NCBI
protein_protein,ppi,834,64754,gene/protein,SMYD3,NCBI,57511,440093,gene/protein,H3-5,NCBI
protein_protein,ppi,835,3960,gene/protein,LGALS4,NCBI,2807,54971,gene/protein,BANP,NCBI
protein_protein,ppi,836,991,gene/protein,CDC20,NCBI,7325,26271,gene/protein,FBXO5,NCBI
protein_protein,ppi,837,1742,gene/protein,DLG4,NCBI,1246,2891,gene/protein,GRIA2,NCBI
protein_protein,ppi,270,10009,gene/protein,ZBTB33,NCBI,59915,140838,gene/protein,NANP,NCBI
protein_protein,ppi,838,23180,gene/protein,RFTN1,NCBI,12172,284427,gene/protein,SLC25A41,NCBI
protein_protein,ppi,839,1639,gene/protein,DCTN1,NCBI,4148,79139,gene/protein,DERL1,NCBI
protein_protein,ppi,309,5079,gene/protein,PAX5,NCBI,4644,113251,gene/protein,LARP4,NCBI
protein_protein,ppi,840,3598,gene/protein,IL13RA2,NCBI,13511,29880,gene/protein,ALG5,NCBI
protein_protein,ppi,395,545,gene/protein,ATR,NCBI,9555,26574,gene/protein,AATF,NCBI
protein_protein,ppi,730,8831,gene/protein,SYNGAP1,NCBI,1930,11043,gene/protein,MID2,NCBI
protein_protein,ppi,841,1289,gene/protein,COL5A1,NCBI,2057,2335,gene/protein,FN1,NCBI
